
CREATE TABLE IF NOT EXISTS products 
(
	id bigserial NOT NULL,
	name character varying(255),
	rate_label character varying(255),
	time_unit character varying(255),
	volume_label character varying(255),
	price_unit character varying(255),
	CONSTRAINT products_pkey PRIMARY KEY (id)
);

CREATE TABLE IF NOT EXISTS contracts
(
	id bigserial NOT NULL,
	name character varying(255),
	start_date timestamp with time zone,
	end_date timestamp with time zone,
	time_amount double precision,
	CONSTRAINT contracts_pkey PRIMARY KEY (id)
);

CREATE TABLE IF NOT EXISTS market_prices
(
	id bigserial NOT NULL,
	product_id bigint,
	contract_id bigint,
	price_date timestamp with time zone,
	price double precision,
	CONSTRAINT market_prices_pkey PRIMARY KEY (contract_id, product_id, price_date)
);

CREATE TABLE IF NOT EXISTS users
(
	id bigserial NOT NULL,
	name character varying(255),
	CONSTRAINT users_pkey PRIMARY KEY (id)
);

CREATE TABLE IF NOT EXISTS trades
(
	id bigserial NOT NULL,
	portfolio_id bigint,
	product_id bigint,
	contract_id bigint,
	rate double precision,
	price double precision,
	trade_date timestamp with time zone,
	info character varying(255),
	CONSTRAINT trades_pkey PRIMARY KEY (id)
);

CREATE TABLE IF NOT EXISTS users
(
	id bigserial NOT NULL,
	name character varying(255),
	CONSTRAINT users_pkey PRIMARY KEY(id)
);

CREATE TABLE IF NOT EXISTS portfolios
(
	id bigserial NOT NULL,
	user_id bigint,
	name character varying(255),
	CONSTRAINT portfolios_pkey PRIMARY KEY(id)
);

-- dummy data to get us started
DELETE FROM products;
INSERT INTO products (id, name, rate_label, time_unit, volume_label, price_unit)
VALUES
(0, 'baseload', 'MW', 'h', 'MWh', '£'),
(1, 'peak', 'MW', 'h', 'MWh', '£');

DELETE FROM contracts;
INSERT INTO contracts (id, name, start_date, end_date, time_amount)
VALUES
-- note that end dates are exclusive, i.e. treated as ending at 00:00 hours on the specified dates
(0, 'Jan-16', '2016-01-04', '2016-02-01', 672),
(1, 'Feb-16', '2016-02-01', '2016-02-29', 672),
(2, 'Mar-16', '2016-02-29', '2016-04-04', 840),
(3, 'Q1-16',  '2016-01-04', '2016-04-04', 2184);

DELETE FROM users;
INSERT INTO users (id, name)
VALUES
(0, 'Powerisk');

DELETE FROM portfolios;
INSERT INTO portfolios (id, user_id, name)
VALUES
(0, 0, 'Portfolio A'),
(1, 0, 'Portfolio B'),
(2, 0, 'Portfolio C');

DELETE FROM trades;
INSERT INTO trades (portfolio_id, product_id, contract_id, rate, price, trade_date, info)
VALUES
(0,0,0,10,54.75,'2014-06-24','test'),
(0,0,0,10,53.6,'2014-07-10','test'),
(0,0,0,10,55.4,'2014-07-24','test'),
(2,0,0,10,56.15,'2014-09-16','test'),
(2,0,0,10,51.66,'2014-12-18','test'),
(2,0,0,20,47.15,'2015-01-14','test'),
(0,0,0,20,45.86,'2015-06-17','test'),
(0,0,0,15,43.79,'2015-09-16','test'),
(1,0,1,10,54.75,'2014-06-24','test'),
(1,0,1,10,53.6,'2014-07-10','test'),
(0,0,1,10,55.4,'2014-07-24','test'),
(1,0,1,10,56.15,'2014-09-16','test'),
(1,0,1,10,51.66,'2014-12-18','test'),
(1,0,1,20,47.15,'2015-01-14','test'),
(2,0,1,20,45.86,'2015-06-17','test'),
(1,0,1,15,43.79,'2015-09-16','test'),
(2,0,2,10,54.75,'2014-06-24','test'),
(0,0,2,10,53.6,'2014-07-10','test'),
(1,0,2,10,55.4,'2014-07-24','test'),
(0,0,2,10,56.15,'2014-09-16','test'),
(1,0,2,10,51.66,'2014-12-18','test'),
(1,0,2,20,47.15,'2015-01-14','test'),
(2,0,2,20,45.86,'2015-06-17','test'),
(1,0,2,15,43.79,'2015-09-16','test');



DELETE FROM market_prices;
INSERT INTO market_prices (product_id, contract_id, price_date, price)
VALUES
(0,0,'2012-11-01',51.13),	(0,1,'2012-11-01',50.62),	(0,2,'2012-11-01',49.54),
(0,0,'2012-11-02',50.88),	(0,1,'2012-11-02',50.37),	(0,2,'2012-11-02',49.3),
(0,0,'2012-11-05',50),	(0,1,'2012-11-05',49.93),	(0,2,'2012-11-05',48.87),
(0,0,'2012-11-06',50.1),	(0,1,'2012-11-06',51.54),	(0,2,'2012-11-06',49),
(0,0,'2012-11-07',50.5),	(0,1,'2012-11-07',50.96),	(0,2,'2012-11-07',49.89),
(0,0,'2012-11-08',50.89),	(0,1,'2012-11-08',50.39),	(0,2,'2012-11-08',49.33),
(0,0,'2012-11-09',51.09),	(0,1,'2012-11-09',50.59),	(0,2,'2012-11-09',49.52),
(0,0,'2012-11-12',51.43),	(0,1,'2012-11-12',51.09),	(0,2,'2012-11-12',49.95),
(0,0,'2012-11-13',51.33),	(0,1,'2012-11-13',50.84),	(0,2,'2012-11-13',49.65),
(0,0,'2012-11-14',50.75),	(0,1,'2012-11-14',50.68),	(0,2,'2012-11-14',49.62),
(0,0,'2012-11-15',51.5),	(0,1,'2012-11-15',51.66),	(0,2,'2012-11-15',50.45),
(0,0,'2012-11-16',51.25),	(0,1,'2012-11-16',51.25),	(0,2,'2012-11-16',50.2),
(0,0,'2012-11-19',51.65),	(0,1,'2012-11-19',51.52),	(0,2,'2012-11-19',50.43),
(0,0,'2012-11-20',51.25),	(0,1,'2012-11-20',51.2),	(0,2,'2012-11-20',50.12),
(0,0,'2012-11-21',51.5),	(0,1,'2012-11-21',50.95),	(0,2,'2012-11-21',50.55),
(0,0,'2012-11-22',52.15),	(0,1,'2012-11-22',50.92),	(0,2,'2012-11-22',50.75),
(0,0,'2012-11-23',52.83),	(0,1,'2012-11-23',52.09),	(0,2,'2012-11-23',50.79),
(0,0,'2012-11-26',51.21),	(0,1,'2012-11-26',50.11),	(0,2,'2012-11-26',49.4),
(0,0,'2012-11-27',51.35),	(0,1,'2012-11-27',50.35),	(0,2,'2012-11-27',49.41),
(0,0,'2012-11-28',52.78),	(0,1,'2012-11-28',48.37),	(0,2,'2012-11-28',49.29),
(0,0,'2012-11-29',51),	(0,1,'2012-11-29',49.9),	(0,2,'2012-11-29',49.26),
(0,0,'2012-11-30',51.15),	(0,1,'2012-11-30',50),	(0,2,'2012-11-30',49.25),
(0,0,'2012-12-03',52.09),	(0,1,'2012-12-03',50.65),	(0,2,'2012-12-03',49.56),
(0,0,'2012-12-04',51.95),	(0,1,'2012-12-04',50.95),	(0,2,'2012-12-04',49.49),
(0,0,'2012-12-05',52.51),	(0,1,'2012-12-05',51.35),	(0,2,'2012-12-05',49.79),
(0,0,'2012-12-10',51.2),	(0,1,'2012-12-10',50.1),	(0,2,'2012-12-10',49.07),
(0,0,'2012-12-11',50.8),	(0,1,'2012-12-11',49.8),	(0,2,'2012-12-11',48.98),
(0,0,'2012-12-13',50.88),	(0,1,'2012-12-13',49.6),	(0,2,'2012-12-13',48.8),
(0,0,'2012-12-14',50.73),	(0,1,'2012-12-14',50),	(0,2,'2012-12-14',49.24),
(0,0,'2012-12-17',50.55),	(0,1,'2012-12-17',49.81),	(0,2,'2012-12-17',49.1),
(0,0,'2012-12-18',50.95),	(0,1,'2012-12-18',49.75),	(0,2,'2012-12-18',49.05),
(0,0,'2012-12-19',51),	(0,1,'2012-12-19',49.7),	(0,2,'2012-12-19',49.15),
(0,0,'2012-12-20',50.75),	(0,1,'2012-12-20',49.72),	(0,2,'2012-12-20',49.3),
(0,0,'2012-12-21',50.6),	(0,1,'2012-12-21',49.49),	(0,2,'2012-12-21',49.17),
(0,0,'2012-12-24',50.6),	(0,1,'2012-12-24',49.49),	(0,2,'2012-12-24',49.17),
(0,0,'2012-12-25',50.6),	(0,1,'2012-12-25',49.49),	(0,2,'2012-12-25',49.17),
(0,0,'2012-12-26',50.6),	(0,1,'2012-12-26',49.49),	(0,2,'2012-12-26',49.17),
(0,0,'2012-12-27',49.3),	(0,1,'2012-12-27',48.22),	(0,2,'2012-12-27',47.91),
(0,0,'2012-12-28',49.25),	(0,1,'2012-12-28',48.17),	(0,2,'2012-12-28',48.6),
(0,0,'2012-12-31',49.33),	(0,1,'2012-12-31',49.76),	(0,2,'2012-12-31',50.04),
(0,0,'2013-01-02',47.9),	(0,1,'2013-01-02',48.44),	(0,2,'2013-01-02',48.71),
(0,0,'2013-01-03',48.48),	(0,1,'2013-01-03',48.72),	(0,2,'2013-01-03',48.98),
(0,0,'2013-01-04',49.05),	(0,1,'2013-01-04',49.75),	(0,2,'2013-01-04',48.73),
(0,0,'2013-01-07',48.95),	(0,1,'2013-01-07',49.21),	(0,2,'2013-01-07',49.47),
(0,0,'2013-01-09',48.95),	(0,1,'2013-01-09',49.33),	(0,2,'2013-01-09',49.6),
(0,0,'2013-01-14',48.8),	(0,1,'2013-01-14',49.7),	(0,2,'2013-01-14',49),
(0,0,'2013-01-16',48.65),	(0,1,'2013-01-16',49.6),	(0,2,'2013-01-16',48.9),
(0,0,'2013-01-17',48.85),	(0,1,'2013-01-17',50.1),	(0,2,'2013-01-17',48.88),
(0,0,'2013-01-18',47.71),	(0,1,'2013-01-18',48.82),	(0,2,'2013-01-18',49.07),
(0,0,'2013-01-21',47.47),	(0,1,'2013-01-21',48.28),	(0,2,'2013-01-21',48.52),
(0,0,'2013-01-22',48.28),	(0,1,'2013-01-22',48.78),	(0,2,'2013-01-22',49.02),
(0,0,'2013-01-23',47.7),	(0,1,'2013-01-23',48.29),	(0,2,'2013-01-23',48.54),
(0,0,'2013-01-25',47.67),	(0,1,'2013-01-25',48.19),	(0,2,'2013-01-25',48.42),
(0,0,'2013-01-28',47.13),	(0,1,'2013-01-28',49.14),	(0,2,'2013-01-28',48.39),
(0,0,'2013-01-29',46.67),	(0,1,'2013-01-29',49.57),	(0,2,'2013-01-29',48.8),
(0,0,'2013-02-01',47.85),	(0,1,'2013-02-01',49.58),	(0,2,'2013-02-01',48.82),
(0,0,'2013-02-04',47.63),	(0,1,'2013-02-04',49.53),	(0,2,'2013-02-04',48.77),
(0,0,'2013-02-06',49.88),	(0,1,'2013-02-06',49.32),	(0,2,'2013-02-06',48.55),
(0,0,'2013-02-07',49.63),	(0,1,'2013-02-07',48.89),	(0,2,'2013-02-07',48.13),
(0,0,'2013-02-08',49.42),	(0,1,'2013-02-08',49.93),	(0,2,'2013-02-08',49.15),
(0,0,'2013-02-11',49.45),	(0,1,'2013-02-11',49.54),	(0,2,'2013-02-11',48.76),
(0,0,'2013-02-12',49.67),	(0,1,'2013-02-12',49.3),	(0,2,'2013-02-12',48.94),
(0,0,'2013-02-13',49.65),	(0,1,'2013-02-13',49.59),	(0,2,'2013-02-13',48.81),
(0,0,'2013-02-14',50.22),	(0,1,'2013-02-14',49.92),	(0,2,'2013-02-14',49.13),
(0,0,'2013-02-15',50.78),	(0,1,'2013-02-15',49.14),	(0,2,'2013-02-15',48.36),
(0,0,'2013-02-18',50.17),	(0,1,'2013-02-18',49.57),	(0,2,'2013-02-18',48.76),
(0,0,'2013-02-19',50.13),	(0,1,'2013-02-19',49.35),	(0,2,'2013-02-19',48.53),
(0,0,'2013-02-20',50.2),	(0,1,'2013-02-20',49.5),	(0,2,'2013-02-20',48.77),
(0,0,'2013-02-21',50.67),	(0,1,'2013-02-21',49.78),	(0,2,'2013-02-21',48.95),
(0,0,'2013-02-22',50.75),	(0,1,'2013-02-22',49.81),	(0,2,'2013-02-22',48.98),
(0,0,'2013-02-25',52.78),	(0,1,'2013-02-25',46.78),	(0,2,'2013-02-25',49.52),
(0,0,'2013-02-27',52.42),	(0,1,'2013-02-27',46.33),	(0,2,'2013-02-27',49.32),
(0,0,'2013-03-04',50.58),	(0,1,'2013-03-04',49.38),	(0,2,'2013-03-04',49.62),
(0,0,'2013-03-06',50.7),	(0,1,'2013-03-06',49.6),	(0,2,'2013-03-06',49.52),
(0,0,'2013-03-07',50.8),	(0,1,'2013-03-07',49.78),	(0,2,'2013-03-07',49.87),
(0,0,'2013-03-08',50.9),	(0,1,'2013-03-08',49.58),	(0,2,'2013-03-08',50.12),
(0,0,'2013-03-11',51.2),	(0,1,'2013-03-11',50.5),	(0,2,'2013-03-11',50.08),
(0,0,'2013-03-12',51.17),	(0,1,'2013-03-12',51.42),	(0,2,'2013-03-12',50.16),
(0,0,'2013-03-13',50.67),	(0,1,'2013-03-13',50.4),	(0,2,'2013-03-13',50.05),
(0,0,'2013-03-14',50.43),	(0,1,'2013-03-14',49.86),	(0,2,'2013-03-14',49.66),
(0,0,'2013-03-15',50.38),	(0,1,'2013-03-15',49.43),	(0,2,'2013-03-15',49.65),
(0,0,'2013-03-18',50.4),	(0,1,'2013-03-18',49.6),	(0,2,'2013-03-18',49.46),
(0,0,'2013-03-20',51.15),	(0,1,'2013-03-20',50.24),	(0,2,'2013-03-20',49.78),
(0,0,'2013-03-21',51.7),	(0,1,'2013-03-21',50.25),	(0,2,'2013-03-21',50.01),
(0,0,'2013-03-22',52.5),	(0,1,'2013-03-22',49.46),	(0,2,'2013-03-22',49.66),
(0,0,'2013-03-25',51.5),	(0,1,'2013-03-25',50.96),	(0,2,'2013-03-25',50.65),
(0,0,'2013-03-27',51.3),	(0,1,'2013-03-27',48.3),	(0,2,'2013-03-27',50.55),
(0,0,'2013-03-28',51.35),	(0,1,'2013-03-28',50.44),	(0,2,'2013-03-28',50.66),
(0,0,'2013-03-29',51.35),	(0,1,'2013-03-29',50.44),	(0,2,'2013-03-29',50.66),
(0,0,'2013-04-01',51.35),	(0,1,'2013-04-01',51.57),	(0,2,'2013-04-01',51.17),
(0,0,'2013-04-02',50),	(0,1,'2013-04-02',50.22),	(0,2,'2013-04-02',49.83),
(0,0,'2013-04-03',50.4),	(0,1,'2013-04-03',51),	(0,2,'2013-04-03',50.38),
(0,0,'2013-04-04',50.15),	(0,1,'2013-04-04',50.86),	(0,2,'2013-04-04',50.64),
(0,0,'2013-04-05',50.53),	(0,1,'2013-04-05',50.91),	(0,2,'2013-04-05',50.51),
(0,0,'2013-04-08',50.45),	(0,1,'2013-04-08',50.57),	(0,2,'2013-04-08',50.19),
(0,0,'2013-04-09',50.4),	(0,1,'2013-04-09',50.59),	(0,2,'2013-04-09',50.21),
(0,0,'2013-04-10',50.85),	(0,1,'2013-04-10',50.75),	(0,2,'2013-04-10',50.7),
(0,0,'2013-04-12',51),	(0,1,'2013-04-12',51.04),	(0,2,'2013-04-12',50.65),
(0,0,'2013-04-15',51.1),	(0,1,'2013-04-15',50.73),	(0,2,'2013-04-15',50.7),
(0,0,'2013-04-16',50.6),	(0,1,'2013-04-16',50.6),	(0,2,'2013-04-16',50.21),
(0,0,'2013-04-17',50.9),	(0,1,'2013-04-17',50.06),	(0,2,'2013-04-17',49.7),
(0,0,'2013-04-18',49.5),	(0,1,'2013-04-18',49.4),	(0,2,'2013-04-18',49.06),
(0,0,'2013-04-19',49.6),	(0,1,'2013-04-19',49.18),	(0,2,'2013-04-19',48.84),
(0,0,'2013-04-22',49.03),	(0,1,'2013-04-22',49.2),	(0,2,'2013-04-22',48.01),
(0,0,'2013-04-23',48.74),	(0,1,'2013-04-23',48.28),	(0,2,'2013-04-23',47.95),
(0,0,'2013-04-24',48.93),	(0,1,'2013-04-24',48.47),	(0,2,'2013-04-24',48.14),
(0,0,'2013-04-25',48.83),	(0,1,'2013-04-25',48.75),	(0,2,'2013-04-25',48.5),
(0,0,'2013-04-26',48.4),	(0,1,'2013-04-26',48.5),	(0,2,'2013-04-26',47.66),
(0,0,'2013-04-29',48.75),	(0,1,'2013-04-29',47.64),	(0,2,'2013-04-29',48.78),
(0,0,'2013-04-30',47.92),	(0,1,'2013-04-30',47.62),	(0,2,'2013-04-30',48.76),
(0,0,'2013-05-01',48.15),	(0,1,'2013-05-01',47.66),	(0,2,'2013-05-01',48.79),
(0,0,'2013-05-02',47.75),	(0,1,'2013-05-02',47.27),	(0,2,'2013-05-02',48.38),
(0,0,'2013-05-03',48.19),	(0,1,'2013-05-03',47.37),	(0,2,'2013-05-03',48.49),
(0,0,'2013-05-07',48.54),	(0,1,'2013-05-07',47.85),	(0,2,'2013-05-07',48.96),
(0,0,'2013-05-08',48),	(0,1,'2013-05-08',47.72),	(0,2,'2013-05-08',48.82),
(0,0,'2013-05-09',47.79),	(0,1,'2013-05-09',47.51),	(0,2,'2013-05-09',48.61),
(0,0,'2013-05-10',47.59),	(0,1,'2013-05-10',47.06),	(0,2,'2013-05-10',48.15),
(0,0,'2013-05-13',47.67),	(0,1,'2013-05-13',47.4),	(0,2,'2013-05-13',48.48),
(0,0,'2013-05-14',48),	(0,1,'2013-05-14',47.85),	(0,2,'2013-05-14',48),
(0,0,'2013-05-15',47.92),	(0,1,'2013-05-15',47.66),	(0,2,'2013-05-15',48.73),
(0,0,'2013-05-16',48.4),	(0,1,'2013-05-16',47.83),	(0,2,'2013-05-16',48.91),
(0,0,'2013-05-17',48.59),	(0,1,'2013-05-17',47.9),	(0,2,'2013-05-17',48.97),
(0,0,'2013-05-20',49),	(0,1,'2013-05-20',48.09),	(0,2,'2013-05-20',49.16),
(0,0,'2013-05-21',49.4),	(0,1,'2013-05-21',48.12),	(0,2,'2013-05-21',49.18),
(0,0,'2013-05-22',48.81),	(0,1,'2013-05-22',48.56),	(0,2,'2013-05-22',49.62),
(0,0,'2013-05-23',49.49),	(0,1,'2013-05-23',48.23),	(0,2,'2013-05-23',49.28),
(0,0,'2013-05-24',48.31),	(0,1,'2013-05-24',48.4),	(0,2,'2013-05-24',49.09),
(0,0,'2013-05-28',48.6),	(0,1,'2013-05-28',48.25),	(0,2,'2013-05-28',50.67),
(0,0,'2013-05-29',48.4),	(0,1,'2013-05-29',48.5),	(0,2,'2013-05-29',50.94),
(0,0,'2013-05-30',48.2),	(0,1,'2013-05-30',48.3),	(0,2,'2013-05-30',50.87),
(0,0,'2013-05-31',48.3),	(0,1,'2013-05-31',48.35),	(0,2,'2013-05-31',51.11),
(0,0,'2013-06-03',47.97),	(0,1,'2013-06-03',48.1),	(0,2,'2013-06-03',50.48),
(0,0,'2013-06-04',47.71),	(0,1,'2013-06-04',47.6),	(0,2,'2013-06-04',50.45),
(0,0,'2013-06-05',47.4),	(0,1,'2013-06-05',47.5),	(0,2,'2013-06-05',50.3),
(0,0,'2013-06-06',47.1),	(0,1,'2013-06-06',47.2),	(0,2,'2013-06-06',50.02),
(0,0,'2013-06-07',47.41),	(0,1,'2013-06-07',47.2),	(0,2,'2013-06-07',50.01),
(0,0,'2013-06-10',47),	(0,1,'2013-06-10',47),	(0,2,'2013-06-10',49.8),
(0,0,'2013-06-11',46.9),	(0,1,'2013-06-11',47.04),	(0,2,'2013-06-11',49.93),
(0,0,'2013-06-12',46.97),	(0,1,'2013-06-12',47.2),	(0,2,'2013-06-12',50.07),
(0,0,'2013-06-13',47.25),	(0,1,'2013-06-13',47.28),	(0,2,'2013-06-13',50.13),
(0,0,'2013-06-14',47.4),	(0,1,'2013-06-14',47.6),	(0,2,'2013-06-14',50.95),
(0,0,'2013-06-17',47.06),	(0,1,'2013-06-17',47.76),	(0,2,'2013-06-17',51.71),
(0,0,'2013-06-18',47.35),	(0,1,'2013-06-18',48.05),	(0,2,'2013-06-18',51.29),
(0,0,'2013-06-19',47.21),	(0,1,'2013-06-19',47.17),	(0,2,'2013-06-19',50.35),
(0,0,'2013-06-20',47.12),	(0,1,'2013-06-20',47),	(0,2,'2013-06-20',51.03),
(0,0,'2013-06-21',46.31),	(0,1,'2013-06-21',47.18),	(0,2,'2013-06-21',51.23),
(0,0,'2013-06-24',46.18),	(0,1,'2013-06-24',47.05),	(0,2,'2013-06-24',50.63),
(0,0,'2013-06-25',47.05),	(0,1,'2013-06-25',46.81),	(0,2,'2013-06-25',50.64),
(0,0,'2013-06-26',46.39),	(0,1,'2013-06-26',47.25),	(0,2,'2013-06-26',50.15),
(0,0,'2013-06-27',46.76),	(0,1,'2013-06-27',46.75),	(0,2,'2013-06-27',50.76),
(0,0,'2013-06-28',46.65),	(0,1,'2013-06-28',46.94),	(0,2,'2013-06-28',50.64),
(0,0,'2013-07-01',46.82),	(0,1,'2013-07-01',51),	(0,2,'2013-07-01',53.53),
(0,0,'2013-07-02',46.7),	(0,1,'2013-07-02',50.59),	(0,2,'2013-07-02',53.09),
(0,0,'2013-07-03',46.49),	(0,1,'2013-07-03',49.25),	(0,2,'2013-07-03',53.44),
(0,0,'2013-07-04',46.26),	(0,1,'2013-07-04',50.98),	(0,2,'2013-07-04',53.34),
(0,0,'2013-07-05',46.25),	(0,1,'2013-07-05',50.97),	(0,2,'2013-07-05',53.33),
(0,0,'2013-07-08',46.44),	(0,1,'2013-07-08',51.24),	(0,2,'2013-07-08',53.79),
(0,0,'2013-07-09',46.75),	(0,1,'2013-07-09',49.51),	(0,2,'2013-07-09',53.4),
(0,0,'2013-07-10',46.75),	(0,1,'2013-07-10',51.16),	(0,2,'2013-07-10',53.73),
(0,0,'2013-07-11',46.94),	(0,1,'2013-07-11',51.12),	(0,2,'2013-07-11',53.7),
(0,0,'2013-07-12',46.57),	(0,1,'2013-07-12',49.12),	(0,2,'2013-07-12',53.2),
(0,0,'2013-07-15',46.5),	(0,1,'2013-07-15',49),	(0,2,'2013-07-15',53.9),
(0,0,'2013-07-16',46.72),	(0,1,'2013-07-16',48.96),	(0,2,'2013-07-16',53.5),
(0,0,'2013-07-17',46.7),	(0,1,'2013-07-17',49.99),	(0,2,'2013-07-17',53.26),
(0,0,'2013-07-18',46.85),	(0,1,'2013-07-18',49.79),	(0,2,'2013-07-18',53.19),
(0,0,'2013-07-19',46.8),	(0,1,'2013-07-19',49.05),	(0,2,'2013-07-19',53.59),
(0,0,'2013-07-22',46.85),	(0,1,'2013-07-22',49.17),	(0,2,'2013-07-22',53.1),
(0,0,'2013-07-23',47.2),	(0,1,'2013-07-23',49.38),	(0,2,'2013-07-23',52.95),
(0,0,'2013-07-24',47.43),	(0,1,'2013-07-24',49.42),	(0,2,'2013-07-24',53.07),
(0,0,'2013-07-25',47.67),	(0,1,'2013-07-25',49.5),	(0,2,'2013-07-25',53.45),
(0,0,'2013-07-26',47.4),	(0,1,'2013-07-26',49.38),	(0,2,'2013-07-26',53.27),
(0,0,'2013-07-29',49.35),	(0,1,'2013-07-29',53.37),	(0,2,'2013-07-29',55.41),
(0,0,'2013-07-30',50.17),	(0,1,'2013-07-30',52.99),	(0,2,'2013-07-30',54.79),
(0,0,'2013-07-31',50.14),	(0,1,'2013-07-31',53.2),	(0,2,'2013-07-31',54.76),
(0,0,'2013-08-01',49.89),	(0,1,'2013-08-01',53.26),	(0,2,'2013-08-01',54.95),
(0,0,'2013-08-02',50.1),	(0,1,'2013-08-02',52.69),	(0,2,'2013-08-02',54.71),
(0,0,'2013-08-05',49.15),	(0,1,'2013-08-05',52.73),	(0,2,'2013-08-05',54.55),
(0,0,'2013-08-06',48.75),	(0,1,'2013-08-06',52.98),	(0,2,'2013-08-06',55.02),
(0,0,'2013-08-07',49.9),	(0,1,'2013-08-07',52.49),	(0,2,'2013-08-07',54.51),
(0,0,'2013-08-08',48.6),	(0,1,'2013-08-08',52.6),	(0,2,'2013-08-08',55.32),
(0,0,'2013-08-09',49.78),	(0,1,'2013-08-09',52.37),	(0,2,'2013-08-09',54.39),
(0,0,'2013-08-12',48.29),	(0,1,'2013-08-12',52.2),	(0,2,'2013-08-12',54.65),
(0,0,'2013-08-13',48.9),	(0,1,'2013-08-13',52),	(0,2,'2013-08-13',54.1),
(0,0,'2013-08-14',49),	(0,1,'2013-08-14',52),	(0,2,'2013-08-14',54.1),
(0,0,'2013-08-15',49.4),	(0,1,'2013-08-15',52.29),	(0,2,'2013-08-15',54.31),
(0,0,'2013-08-16',49.1),	(0,1,'2013-08-16',52.22),	(0,2,'2013-08-16',54),
(0,0,'2013-08-19',48.85),	(0,1,'2013-08-19',52.34),	(0,2,'2013-08-19',54.38),
(0,0,'2013-08-20',48.25),	(0,1,'2013-08-20',51.85),	(0,2,'2013-08-20',54.83),
(0,0,'2013-08-21',48.33),	(0,1,'2013-08-21',51.9),	(0,2,'2013-08-21',54.06),
(0,0,'2013-08-22',48.8),	(0,1,'2013-08-22',52.1),	(0,2,'2013-08-22',54.2),
(0,0,'2013-08-23',48.98),	(0,1,'2013-08-23',52.1),	(0,2,'2013-08-23',54.48),
(0,0,'2013-08-27',50.65),	(0,1,'2013-08-27',54.3),	(0,2,'2013-08-27',56.52),
(0,0,'2013-08-28',52.4),	(0,1,'2013-08-28',54.61),	(0,2,'2013-08-28',56.85),
(0,0,'2013-08-29',52.05),	(0,1,'2013-08-29',54.51),	(0,2,'2013-08-29',56.5),
(0,0,'2013-08-30',52.05),	(0,1,'2013-08-30',54.67),	(0,2,'2013-08-30',56.3),
(0,0,'2013-09-02',52.18),	(0,1,'2013-09-02',55.32),	(0,2,'2013-09-02',55.62),
(0,0,'2013-09-03',52.6),	(0,1,'2013-09-03',54.98),	(0,2,'2013-09-03',56.2),
(0,0,'2013-09-04',52.08),	(0,1,'2013-09-04',55.08),	(0,2,'2013-09-04',56.39),
(0,0,'2013-09-05',52.05),	(0,1,'2013-09-05',54.64),	(0,2,'2013-09-05',56.51),
(0,0,'2013-09-06',52.65),	(0,1,'2013-09-06',55.45),	(0,2,'2013-09-06',56.44),
(0,0,'2013-09-09',52.85),	(0,1,'2013-09-09',55.55),	(0,2,'2013-09-09',56.55),
(0,0,'2013-09-10',52.6),	(0,1,'2013-09-10',55.55),	(0,2,'2013-09-10',56.25),
(0,0,'2013-09-11',52.6),	(0,1,'2013-09-11',54.8),	(0,2,'2013-09-11',56.15),
(0,0,'2013-09-12',52.6),	(0,1,'2013-09-12',56.57),	(0,2,'2013-09-12',56.46),
(0,0,'2013-09-13',52.85),	(0,1,'2013-09-13',54.95),	(0,2,'2013-09-13',56.35),
(0,0,'2013-09-16',52.85),	(0,1,'2013-09-16',54.7),	(0,2,'2013-09-16',55.73),
(0,0,'2013-09-17',52.63),	(0,1,'2013-09-17',54.3),	(0,2,'2013-09-17',55.36),
(0,0,'2013-09-18',52.51),	(0,1,'2013-09-18',54.2),	(0,2,'2013-09-18',55.64),
(0,0,'2013-09-19',52.85),	(0,1,'2013-09-19',54.35),	(0,2,'2013-09-19',55.27),
(0,0,'2013-09-20',52.81),	(0,1,'2013-09-20',54.15),	(0,2,'2013-09-20',55.58),
(0,0,'2013-09-23',52.17),	(0,1,'2013-09-23',54),	(0,2,'2013-09-23',55.23),
(0,0,'2013-09-24',52),	(0,1,'2013-09-24',53.81),	(0,2,'2013-09-24',55.22),
(0,0,'2013-09-25',52.4),	(0,1,'2013-09-25',53.9),	(0,2,'2013-09-25',55.43),
(0,0,'2013-09-26',52.78),	(0,1,'2013-09-26',54.12),	(0,2,'2013-09-26',55.47),
(0,0,'2013-09-27',52.78),	(0,1,'2013-09-27',54.11),	(0,2,'2013-09-27',55.43),
(0,0,'2013-09-30',55),	(0,1,'2013-09-30',55.02),	(0,2,'2013-09-30',55.14),
(0,0,'2013-10-01',52.88),	(0,1,'2013-10-01',55.25),	(0,2,'2013-10-01',54.94),
(0,0,'2013-10-02',52.95),	(0,1,'2013-10-02',54.89),	(0,2,'2013-10-02',55),
(0,0,'2013-10-03',52.83),	(0,1,'2013-10-03',55.4),	(0,2,'2013-10-03',55.7),
(0,0,'2013-10-04',53.75),	(0,1,'2013-10-04',55.55),	(0,2,'2013-10-04',56),
(0,0,'2013-10-07',53.58),	(0,1,'2013-10-07',55.37),	(0,2,'2013-10-07',55.82),
(0,0,'2013-10-08',54.83),	(0,1,'2013-10-08',55.72),	(0,2,'2013-10-08',55.83),
(0,0,'2013-10-09',54.83),	(0,1,'2013-10-09',56.3),	(0,2,'2013-10-09',56.02),
(0,0,'2013-10-10',54.75),	(0,1,'2013-10-10',56.04),	(0,2,'2013-10-10',56.15),
(0,0,'2013-10-11',54.77),	(0,1,'2013-10-11',56.5),	(0,2,'2013-10-11',56.95),
(0,0,'2013-10-14',54.98),	(0,1,'2013-10-14',56.3),	(0,2,'2013-10-14',57.15),
(0,0,'2013-10-15',54.95),	(0,1,'2013-10-15',56.02),	(0,2,'2013-10-15',56.95),
(0,0,'2013-10-16',54.58),	(0,1,'2013-10-16',56.22),	(0,2,'2013-10-16',56.34),
(0,0,'2013-10-17',54.08),	(0,1,'2013-10-17',56.09),	(0,2,'2013-10-17',56.22),
(0,0,'2013-10-18',54.33),	(0,1,'2013-10-18',55.97),	(0,2,'2013-10-18',56.09),
(0,0,'2013-10-21',54.92),	(0,1,'2013-10-21',56.3),	(0,2,'2013-10-21',56.29),
(0,0,'2013-10-22',53.42),	(0,1,'2013-10-22',56.3),	(0,2,'2013-10-22',56.29),
(0,0,'2013-10-23',53.92),	(0,1,'2013-10-23',55.71),	(0,2,'2013-10-23',57),
(0,0,'2013-10-24',55.03),	(0,1,'2013-10-24',56.55),	(0,2,'2013-10-24',56.03),
(0,0,'2013-10-25',54.71),	(0,1,'2013-10-25',56.49),	(0,2,'2013-10-25',56.63),
(0,0,'2013-10-28',57.72),	(0,1,'2013-10-28',57),	(0,2,'2013-10-28',54.05),
(0,0,'2013-10-29',57.68),	(0,1,'2013-10-29',56.9),	(0,2,'2013-10-29',54.2),
(0,0,'2013-10-30',56.33),	(0,1,'2013-10-30',56.03),	(0,2,'2013-10-30',54.67),
(0,0,'2013-10-31',55.95),	(0,1,'2013-10-31',56.55),	(0,2,'2013-10-31',53.65),
(0,0,'2013-11-01',55.48),	(0,1,'2013-11-01',55.35),	(0,2,'2013-11-01',53.99),
(0,0,'2013-11-04',55.48),	(0,1,'2013-11-04',56.6),	(0,2,'2013-11-04',53.52),
(0,0,'2013-11-05',55.2),	(0,1,'2013-11-05',56.7),	(0,2,'2013-11-05',54),
(0,0,'2013-11-06',55.97),	(0,1,'2013-11-06',55.76),	(0,2,'2013-11-06',53.7),
(0,0,'2013-11-07',55.88),	(0,1,'2013-11-07',55.9),	(0,2,'2013-11-07',52.41),
(0,0,'2013-11-08',55.83),	(0,1,'2013-11-08',56.25),	(0,2,'2013-11-08',53.6),
(0,0,'2013-11-11',56.58),	(0,1,'2013-11-11',55.62),	(0,2,'2013-11-11',54.15),
(0,0,'2013-11-12',56.93),	(0,1,'2013-11-12',55.9),	(0,2,'2013-11-12',54.48),
(0,0,'2013-11-13',57),	(0,1,'2013-11-13',55.81),	(0,2,'2013-11-13',54.39),
(0,0,'2013-11-14',57),	(0,1,'2013-11-14',55.94),	(0,2,'2013-11-14',54.51),
(0,0,'2013-11-15',56.67),	(0,1,'2013-11-15',57.42),	(0,2,'2013-11-15',54.7),
(0,0,'2013-11-18',56.81),	(0,1,'2013-11-18',57.5),	(0,2,'2013-11-18',54.7),
(0,0,'2013-11-19',56.42),	(0,1,'2013-11-19',57.5),	(0,2,'2013-11-19',54.35),
(0,0,'2013-11-20',56.51),	(0,1,'2013-11-20',55.99),	(0,2,'2013-11-20',54),
(0,0,'2013-11-21',55.3),	(0,1,'2013-11-21',56.38),	(0,2,'2013-11-21',53.37),
(0,0,'2013-11-22',55.75),	(0,1,'2013-11-22',55.9),	(0,2,'2013-11-22',53.45),
(0,0,'2013-11-25',55.8),	(0,1,'2013-11-25',53.66),	(0,2,'2013-11-25',50.8),
(0,0,'2013-11-26',56.1),	(0,1,'2013-11-26',53.75),	(0,2,'2013-11-26',50.42),
(0,0,'2013-11-27',56.21),	(0,1,'2013-11-27',53.95),	(0,2,'2013-11-27',50.47),
(0,0,'2013-11-28',56.46),	(0,1,'2013-11-28',54.25),	(0,2,'2013-11-28',51.37),
(0,0,'2013-11-29',56.05),	(0,1,'2013-11-29',54.05),	(0,2,'2013-11-29',50.43),
(0,0,'2013-12-02',56.28),	(0,1,'2013-12-02',54.1),	(0,2,'2013-12-02',50.58),
(0,0,'2013-12-03',56.53),	(0,1,'2013-12-03',54.9),	(0,2,'2013-12-03',51.04),
(0,0,'2013-12-04',57),	(0,1,'2013-12-04',54.47),	(0,2,'2013-12-04',50.83),
(0,0,'2013-12-05',56.46),	(0,1,'2013-12-05',54.28),	(0,2,'2013-12-05',50.91),
(0,0,'2013-12-06',56.1),	(0,1,'2013-12-06',54),	(0,2,'2013-12-06',50.83),
(0,0,'2013-12-09',55.45),	(0,1,'2013-12-09',53.4),	(0,2,'2013-12-09',51.16),
(0,0,'2013-12-10',55.25),	(0,1,'2013-12-10',53.21),	(0,2,'2013-12-10',51.11),
(0,0,'2013-12-11',55.1),	(0,1,'2013-12-11',53.2),	(0,2,'2013-12-11',51.32),
(0,0,'2013-12-12',54.8),	(0,1,'2013-12-12',52.95),	(0,2,'2013-12-12',51.32),
(0,0,'2013-12-13',54.9),	(0,1,'2013-12-13',53.2),	(0,2,'2013-12-13',51.57),
(0,0,'2013-12-16',55),	(0,1,'2013-12-16',53.75),	(0,2,'2013-12-16',50.86),
(0,0,'2013-12-17',55.42),	(0,1,'2013-12-17',53.65),	(0,2,'2013-12-17',51.71),
(0,0,'2013-12-18',55.4),	(0,1,'2013-12-18',53.6),	(0,2,'2013-12-18',51.56),
(0,0,'2013-12-19',54.97),	(0,1,'2013-12-19',53.41),	(0,2,'2013-12-19',50.75),
(0,0,'2013-12-20',54.97),	(0,1,'2013-12-20',53.85),	(0,2,'2013-12-20',51.5),
(0,0,'2013-12-23',54.97),	(0,1,'2013-12-23',53.4),	(0,2,'2013-12-23',51.76),
(0,0,'2013-12-24',54.97),	(0,1,'2013-12-24',53.4),	(0,2,'2013-12-24',51.75),
(0,0,'2013-12-25',54.97),	(0,1,'2013-12-25',53.4),	(0,2,'2013-12-25',51.75),
(0,0,'2013-12-26',54.97),	(0,1,'2013-12-26',53.4),	(0,2,'2013-12-26',51.75),
(0,0,'2013-12-27',54.98),	(0,1,'2013-12-27',53.4),	(0,2,'2013-12-27',51.75),
(0,0,'2013-12-30',54.98),	(0,1,'2013-12-30',51.74),	(0,2,'2013-12-30',51.63),
(0,0,'2013-12-31',54.98),	(0,1,'2013-12-31',50.55),	(0,2,'2013-12-31',50.27),
(0,0,'2014-01-01',54.98),	(0,1,'2014-01-01',51.75),	(0,2,'2014-01-01',51.63),
(0,0,'2014-01-02',54.2),	(0,1,'2014-01-02',50.86),	(0,2,'2014-01-02',50.58),
(0,0,'2014-01-03',54.8),	(0,1,'2014-01-03',50.63),	(0,2,'2014-01-03',50.35),
(0,0,'2014-01-06',51.55),	(0,1,'2014-01-06',50.77),	(0,2,'2014-01-06',50.49),
(0,0,'2014-01-07',51.18),	(0,1,'2014-01-07',51.03),	(0,2,'2014-01-07',50.01),
(0,0,'2014-01-08',51.93),	(0,1,'2014-01-08',51.01),	(0,2,'2014-01-08',49.24),
(0,0,'2014-01-09',51.01),	(0,1,'2014-01-09',49.51),	(0,2,'2014-01-09',49.24),
(0,0,'2014-01-10',51.01),	(0,1,'2014-01-10',50.5),	(0,2,'2014-01-10',49.19),
(0,0,'2014-01-13',50.08),	(0,1,'2014-01-13',50.25),	(0,2,'2014-01-13',48.47),
(0,0,'2014-01-14',50.03),	(0,1,'2014-01-14',49.95),	(0,2,'2014-01-14',48.85),
(0,0,'2014-01-15',49.38),	(0,1,'2014-01-15',49.8),	(0,2,'2014-01-15',48.85),
(0,0,'2014-01-16',49.75),	(0,1,'2014-01-16',50.3),	(0,2,'2014-01-16',49.82),
(0,0,'2014-01-17',50.07),	(0,1,'2014-01-17',50.25),	(0,2,'2014-01-17',49.23),
(0,0,'2014-01-20',49.81),	(0,1,'2014-01-20',49.9),	(0,2,'2014-01-20',48.85),
(0,0,'2014-01-21',50.2),	(0,1,'2014-01-21',49.45),	(0,2,'2014-01-21',49.19),
(0,0,'2014-01-22',50.17),	(0,1,'2014-01-22',49.39),	(0,2,'2014-01-22',49.13),
(0,0,'2014-01-23',49.97),	(0,1,'2014-01-23',48.94),	(0,2,'2014-01-23',48.68),
(0,0,'2014-01-24',49.9),	(0,1,'2014-01-24',50.3),	(0,2,'2014-01-24',49.15),
(0,0,'2014-01-27',48.18),	(0,1,'2014-01-27',48.4),	(0,2,'2014-01-27',49.22),
(0,0,'2014-01-28',48.05),	(0,1,'2014-01-28',48.2),	(0,2,'2014-01-28',48.37),
(0,0,'2014-01-29',47.23),	(0,1,'2014-01-29',48),	(0,2,'2014-01-29',47.27),
(0,0,'2014-01-30',46.45),	(0,1,'2014-01-30',48.66),	(0,2,'2014-01-30',48.14),
(0,0,'2014-01-31',46.28),	(0,1,'2014-01-31',47.35),	(0,2,'2014-01-31',46.63),
(0,0,'2014-02-03',47.3),	(0,1,'2014-02-03',46.7),	(0,2,'2014-02-03',45.82),
(0,0,'2014-02-04',47.83),	(0,1,'2014-02-04',47.4),	(0,2,'2014-02-04',45.25),
(0,0,'2014-02-05',47.31),	(0,1,'2014-02-05',46.71),	(0,2,'2014-02-05',45.73),
(0,0,'2014-02-06',47.9),	(0,1,'2014-02-06',46.6),	(0,2,'2014-02-06',46.85),
(0,0,'2014-02-07',47.83),	(0,1,'2014-02-07',47.31),	(0,2,'2014-02-07',47.38),
(0,0,'2014-02-10',47.95),	(0,1,'2014-02-10',47.69),	(0,2,'2014-02-10',47.16),
(0,0,'2014-02-11',48.15),	(0,1,'2014-02-11',47.65),	(0,2,'2014-02-11',47.65),
(0,0,'2014-02-12',48.26),	(0,1,'2014-02-12',47.8),	(0,2,'2014-02-12',47.49),
(0,0,'2014-02-13',47.69),	(0,1,'2014-02-13',46.72),	(0,2,'2014-02-13',46.82),
(0,0,'2014-02-14',46.84),	(0,1,'2014-02-14',46.25),	(0,2,'2014-02-14',46.2),
(0,0,'2014-02-17',47.3),	(0,1,'2014-02-17',46.2),	(0,2,'2014-02-17',47.5),
(0,0,'2014-02-18',47.6),	(0,1,'2014-02-18',46.85),	(0,2,'2014-02-18',47.67),
(0,0,'2014-02-19',47.28),	(0,1,'2014-02-19',46.5),	(0,2,'2014-02-19',46.14),
(0,0,'2014-02-20',47.91),	(0,1,'2014-02-20',46.75),	(0,2,'2014-02-20',47.09),
(0,0,'2014-02-21',47.55),	(0,1,'2014-02-21',46.84),	(0,2,'2014-02-21',46.31),
(0,0,'2014-02-24',45.63),	(0,1,'2014-02-24',45.84),	(0,2,'2014-02-24',45.4),
(0,0,'2014-02-25',44.9),	(0,1,'2014-02-25',45.78),	(0,2,'2014-02-25',45.13),
(0,0,'2014-02-26',44.4),	(0,1,'2014-02-26',45.2),	(0,2,'2014-02-26',43.99),
(0,0,'2014-02-27',45.5),	(0,1,'2014-02-27',45.94),	(0,2,'2014-02-27',44.94),
(0,0,'2014-02-28',45),	(0,1,'2014-02-28',45.81),	(0,2,'2014-02-28',44.36),
(0,0,'2014-03-03',47.79),	(0,1,'2014-03-03',49),	(0,2,'2014-03-03',46.47),
(0,0,'2014-03-04',46.42),	(0,1,'2014-03-04',47.33),	(0,2,'2014-03-04',46.54),
(0,0,'2014-03-05',45.9),	(0,1,'2014-03-05',46.55),	(0,2,'2014-03-05',45),
(0,0,'2014-03-06',46.47),	(0,1,'2014-03-06',47.27),	(0,2,'2014-03-06',45.8),
(0,0,'2014-03-07',47.04),	(0,1,'2014-03-07',47.25),	(0,2,'2014-03-07',46.05),
(0,0,'2014-03-10',46.6),	(0,1,'2014-03-10',48.42),	(0,2,'2014-03-10',46),
(0,0,'2014-03-11',45.89),	(0,1,'2014-03-11',46.58),	(0,2,'2014-03-11',45.5),
(0,0,'2014-03-12',45.9),	(0,1,'2014-03-12',46.61),	(0,2,'2014-03-12',45.29),
(0,0,'2014-03-13',46.78),	(0,1,'2014-03-13',46.25),	(0,2,'2014-03-13',45.35),
(0,0,'2014-03-14',46.75),	(0,1,'2014-03-14',47),	(0,2,'2014-03-14',46.64),
(0,0,'2014-03-17',46.1),	(0,1,'2014-03-17',46.64),	(0,2,'2014-03-17',45.87),
(0,0,'2014-03-18',45.72),	(0,1,'2014-03-18',46.19),	(0,2,'2014-03-18',45.4),
(0,0,'2014-03-19',45.22),	(0,1,'2014-03-19',45.71),	(0,2,'2014-03-19',45.09),
(0,0,'2014-03-20',45),	(0,1,'2014-03-20',45.53),	(0,2,'2014-03-20',44.85),
(0,0,'2014-03-21',44.85),	(0,1,'2014-03-21',45.5),	(0,2,'2014-03-21',45.01),
(0,0,'2014-03-24',44.28),	(0,1,'2014-03-24',44.92),	(0,2,'2014-03-24',44.61),
(0,0,'2014-03-25',43.6),	(0,1,'2014-03-25',43.5),	(0,2,'2014-03-25',44.2),
(0,0,'2014-03-26',43.5),	(0,1,'2014-03-26',44.25),	(0,2,'2014-03-26',43.72),
(0,0,'2014-03-27',43),	(0,1,'2014-03-27',43.51),	(0,2,'2014-03-27',42.58),
(0,0,'2014-03-28',42.35),	(0,1,'2014-03-28',42.85),	(0,2,'2014-03-28',42.44),
(0,0,'2014-03-31',42.2),	(0,1,'2014-03-31',41.65),	(0,2,'2014-03-31',41),
(0,0,'2014-04-01',41.85),	(0,1,'2014-04-01',41.3),	(0,2,'2014-04-01',40.85),
(0,0,'2014-04-02',40.8),	(0,1,'2014-04-02',40.4),	(0,2,'2014-04-02',40.18),
(0,0,'2014-04-03',41.01),	(0,1,'2014-04-03',41.06),	(0,2,'2014-04-03',40.45),
(0,0,'2014-04-04',40.82),	(0,1,'2014-04-04',41.28),	(0,2,'2014-04-04',40.41),
(0,0,'2014-04-07',42.53),	(0,1,'2014-04-07',43),	(0,2,'2014-04-07',43.05),
(0,0,'2014-04-08',42.54),	(0,1,'2014-04-08',43.3),	(0,2,'2014-04-08',42.4),
(0,0,'2014-04-09',43.17),	(0,1,'2014-04-09',43.63),	(0,2,'2014-04-09',43.54),
(0,0,'2014-04-10',42.7),	(0,1,'2014-04-10',42.75),	(0,2,'2014-04-10',42.55),
(0,0,'2014-04-11',43.3),	(0,1,'2014-04-11',43.56),	(0,2,'2014-04-11',43.34),
(0,0,'2014-04-14',43.68),	(0,1,'2014-04-14',44.37),	(0,2,'2014-04-14',43.7),
(0,0,'2014-04-15',43.49),	(0,1,'2014-04-15',44.4),	(0,2,'2014-04-15',43.4),
(0,0,'2014-04-16',43.3),	(0,1,'2014-04-16',43.85),	(0,2,'2014-04-16',43.35),
(0,0,'2014-04-17',42.35),	(0,1,'2014-04-17',43.21),	(0,2,'2014-04-17',42.95),
(0,0,'2014-04-22',41.74),	(0,1,'2014-04-22',42.6),	(0,2,'2014-04-22',41.8),
(0,0,'2014-04-23',41.56),	(0,1,'2014-04-23',42.04),	(0,2,'2014-04-23',41.92),
(0,0,'2014-04-24',41.85),	(0,1,'2014-04-24',42.26),	(0,2,'2014-04-24',42),
(0,0,'2014-04-25',41.74),	(0,1,'2014-04-25',42.45),	(0,2,'2014-04-25',41.84),
(0,0,'2014-04-28',42.39),	(0,1,'2014-04-28',41.85),	(0,2,'2014-04-28',42.76),
(0,0,'2014-04-29',41.69),	(0,1,'2014-04-29',41.45),	(0,2,'2014-04-29',42.54),
(0,0,'2014-04-30',41.45),	(0,1,'2014-04-30',41.39),	(0,2,'2014-04-30',42.11),
(0,0,'2014-05-01',41.35),	(0,1,'2014-05-01',41.14),	(0,2,'2014-05-01',41.96),
(0,0,'2014-05-02',41.9),	(0,1,'2014-05-02',41.85),	(0,2,'2014-05-02',42.59),
(0,0,'2014-05-06',40.83),	(0,1,'2014-05-06',40.61),	(0,2,'2014-05-06',41.32),
(0,0,'2014-05-07',40.25),	(0,1,'2014-05-07',40.55),	(0,2,'2014-05-07',41.09),
(0,0,'2014-05-08',40.68),	(0,1,'2014-05-08',41.3),	(0,2,'2014-05-08',41.7),
(0,0,'2014-05-09',40.9),	(0,1,'2014-05-09',41.44),	(0,2,'2014-05-09',42.16),
(0,0,'2014-05-12',41.08),	(0,1,'2014-05-12',41.3),	(0,2,'2014-05-12',41.7),
(0,0,'2014-05-13',40.9),	(0,1,'2014-05-13',41),	(0,2,'2014-05-13',42.3),
(0,0,'2014-05-14',40.51),	(0,1,'2014-05-14',40.79),	(0,2,'2014-05-14',41.7),
(0,0,'2014-05-15',40.2),	(0,1,'2014-05-15',41.28),	(0,2,'2014-05-15',41.97),
(0,0,'2014-05-16',40.2),	(0,1,'2014-05-16',40.9),	(0,2,'2014-05-16',41.5),
(0,0,'2014-05-19',40.31),	(0,1,'2014-05-19',41.09),	(0,2,'2014-05-19',41.7),
(0,0,'2014-05-20',40.15),	(0,1,'2014-05-20',40.8),	(0,2,'2014-05-20',41.3),
(0,0,'2014-05-21',40.16),	(0,1,'2014-05-21',41.2),	(0,2,'2014-05-21',41.64),
(0,0,'2014-05-22',40.08),	(0,1,'2014-05-22',40.8),	(0,2,'2014-05-22',41.65),
(0,0,'2014-05-23',40.4),	(0,1,'2014-05-23',40.95),	(0,2,'2014-05-23',41.35),
(0,0,'2014-05-27',40.46),	(0,1,'2014-05-27',40.95),	(0,2,'2014-05-27',46.94),
(0,0,'2014-05-28',40.36),	(0,1,'2014-05-28',40.91),	(0,2,'2014-05-28',45.67),
(0,0,'2014-05-29',40),	(0,1,'2014-05-29',40.6),	(0,2,'2014-05-29',43.75),
(0,0,'2014-05-30',39.8),	(0,1,'2014-05-30',40.65),	(0,2,'2014-05-30',46.8),
(0,0,'2014-06-02',38.86),	(0,1,'2014-06-02',39.15),	(0,2,'2014-06-02',42.11),
(0,0,'2014-06-03',38.76),	(0,1,'2014-06-03',39.05),	(0,2,'2014-06-03',42.11),
(0,0,'2014-06-04',38.45),	(0,1,'2014-06-04',38.59),	(0,2,'2014-06-04',42.6),
(0,0,'2014-06-05',37.95),	(0,1,'2014-06-05',38.15),	(0,2,'2014-06-05',44.66),
(0,0,'2014-06-06',37.2),	(0,1,'2014-06-06',37.8),	(0,2,'2014-06-06',45.67),
(0,0,'2014-06-09',37.2),	(0,1,'2014-06-09',38.04),	(0,2,'2014-06-09',40.6),
(0,0,'2014-06-10',37.63),	(0,1,'2014-06-10',38.1),	(0,2,'2014-06-10',44.56),
(0,0,'2014-06-11',39.83),	(0,1,'2014-06-11',38.23),	(0,2,'2014-06-11',44.32),
(0,0,'2014-06-12',38.16),	(0,1,'2014-06-12',38.99),	(0,2,'2014-06-12',42.5),
(0,0,'2014-06-13',38.62),	(0,1,'2014-06-13',39.29),	(0,2,'2014-06-13',43),
(0,0,'2014-06-16',39.07),	(0,1,'2014-06-16',39.64),	(0,2,'2014-06-16',40.6),
(0,0,'2014-06-17',38.06),	(0,1,'2014-06-17',38.16),	(0,2,'2014-06-17',40.6),
(0,0,'2014-06-18',37.6),	(0,1,'2014-06-18',38.31),	(0,2,'2014-06-18',44.95),
(0,0,'2014-06-19',37.56),	(0,1,'2014-06-19',38.1),	(0,2,'2014-06-19',46.21),
(0,0,'2014-06-20',37.57),	(0,1,'2014-06-20',38.17),	(0,2,'2014-06-20',46.35),
(0,0,'2014-06-23',37.24),	(0,1,'2014-06-23',38.01),	(0,2,'2014-06-23',46.2),
(0,0,'2014-06-24',36.67),	(0,1,'2014-06-24',37.51),	(0,2,'2014-06-24',45.68),
(0,0,'2014-06-25',36.75),	(0,1,'2014-06-25',37.4),	(0,2,'2014-06-25',45.17),
(0,0,'2014-06-26',36.44),	(0,1,'2014-06-26',37.01),	(0,2,'2014-06-26',40.8),
(0,0,'2014-06-27',36.32),	(0,1,'2014-06-27',37.1),	(0,2,'2014-06-27',45.07),
(0,0,'2014-06-30',36.7),	(0,1,'2014-06-30',40.75),	(0,2,'2014-06-30',46.9),
(0,0,'2014-07-01',36.1),	(0,1,'2014-07-01',40.2),	(0,2,'2014-07-01',46.45),
(0,0,'2014-07-02',35.78),	(0,1,'2014-07-02',42.35),	(0,2,'2014-07-02',44.86),
(0,0,'2014-07-03',35.79),	(0,1,'2014-07-03',42.25),	(0,2,'2014-07-03',44.76),
(0,0,'2014-07-04',35.4),	(0,1,'2014-07-04',43.66),	(0,2,'2014-07-04',46.25),
(0,0,'2014-07-07',34.75),	(0,1,'2014-07-07',38.75),	(0,2,'2014-07-07',45.38),
(0,0,'2014-07-08',35.13),	(0,1,'2014-07-08',39.1),	(0,2,'2014-07-08',45.94),
(0,0,'2014-07-09',35.2),	(0,1,'2014-07-09',43.19),	(0,2,'2014-07-09',45.76),
(0,0,'2014-07-10',34.92),	(0,1,'2014-07-10',38.7),	(0,2,'2014-07-10',45.1),
(0,0,'2014-07-11',35.13),	(0,1,'2014-07-11',43.21),	(0,2,'2014-07-11',45.8),
(0,0,'2014-07-14',36.13),	(0,1,'2014-07-14',42.22),	(0,2,'2014-07-14',44.75),
(0,0,'2014-07-15',36.04),	(0,1,'2014-07-15',42.39),	(0,2,'2014-07-15',44.93),
(0,0,'2014-07-16',36.34),	(0,1,'2014-07-16',42.89),	(0,2,'2014-07-16',45.47),
(0,0,'2014-07-17',36.43),	(0,1,'2014-07-17',40.9),	(0,2,'2014-07-17',47.75),
(0,0,'2014-07-18',36.78),	(0,1,'2014-07-18',43.54),	(0,2,'2014-07-18',46.18),
(0,0,'2014-07-21',36.01),	(0,1,'2014-07-21',43.12),	(0,2,'2014-07-21',45.72),
(0,0,'2014-07-22',35.92),	(0,1,'2014-07-22',40.65),	(0,2,'2014-07-22',48.16),
(0,0,'2014-07-23',36.57),	(0,1,'2014-07-23',43.65),	(0,2,'2014-07-23',46.28),
(0,0,'2014-07-24',36.97),	(0,1,'2014-07-24',44.18),	(0,2,'2014-07-24',46.88),
(0,0,'2014-07-25',38.22),	(0,1,'2014-07-25',43.39),	(0,2,'2014-07-25',48.69),
(0,0,'2014-08-01',45.8),	(0,1,'2014-08-01',48.62),	(0,2,'2014-08-01',50.56),
(0,0,'2014-08-04',43.74),	(0,1,'2014-08-04',46.43),	(0,2,'2014-08-04',48.29),
(0,0,'2014-08-05',41.89),	(0,1,'2014-08-05',47.48),	(0,2,'2014-08-05',49.38),
(0,0,'2014-08-06',42.74),	(0,1,'2014-08-06',50.02),	(0,2,'2014-08-06',52.02),
(0,0,'2014-08-07',43.1),	(0,1,'2014-08-07',49.55),	(0,2,'2014-08-07',51.53),
(0,0,'2014-08-08',43.65),	(0,1,'2014-08-08',51.25),	(0,2,'2014-08-08',53.31),
(0,0,'2014-08-11',43.9),	(0,1,'2014-08-11',49.77),	(0,2,'2014-08-11',51.77),
(0,0,'2014-08-12',43.89),	(0,1,'2014-08-12',50.55),	(0,2,'2014-08-12',52.59),
(0,0,'2014-08-13',44.3),	(0,1,'2014-08-13',50.04),	(0,2,'2014-08-13',52.06),
(0,0,'2014-08-14',44.66),	(0,1,'2014-08-14',50.86),	(0,2,'2014-08-14',52.92),
(0,0,'2014-08-15',46.15),	(0,1,'2014-08-15',52.71),	(0,2,'2014-08-15',54.84),
(0,0,'2014-08-18',47.84),	(0,1,'2014-08-18',50.78),	(0,2,'2014-08-18',52.83),
(0,0,'2014-08-19',44.52),	(0,1,'2014-08-19',50.87),	(0,2,'2014-08-19',52.93),
(0,0,'2014-08-20',43.74),	(0,1,'2014-08-20',49.65),	(0,2,'2014-08-20',51.67),
(0,0,'2014-08-21',43.56),	(0,1,'2014-08-21',49.44),	(0,2,'2014-08-21',51.45),
(0,0,'2014-08-22',47.24),	(0,1,'2014-08-22',50.15),	(0,2,'2014-08-22',52.19),
(0,0,'2014-09-01',50.05),	(0,1,'2014-09-01',52.15),	(0,2,'2014-09-01',52.57),
(0,0,'2014-09-02',49.96),	(0,1,'2014-09-02',52.06),	(0,2,'2014-09-02',52.16),
(0,0,'2014-09-03',49.9),	(0,1,'2014-09-03',51.35),	(0,2,'2014-09-03',52.3),
(0,0,'2014-09-04',51.79),	(0,1,'2014-09-04',51.18),	(0,2,'2014-09-04',53.92),
(0,0,'2014-09-05',51.39),	(0,1,'2014-09-05',53.55),	(0,2,'2014-09-05',52.44),
(0,0,'2014-09-08',51.08),	(0,1,'2014-09-08',53.26),	(0,2,'2014-09-08',53.43),
(0,0,'2014-09-09',50.85),	(0,1,'2014-09-09',52.31),	(0,2,'2014-09-09',53.06),
(0,0,'2014-09-10',50.65),	(0,1,'2014-09-10',54.51),	(0,2,'2014-09-10',53.25),
(0,0,'2014-09-11',51.46),	(0,1,'2014-09-11',50.6),	(0,2,'2014-09-11',53.5),
(0,0,'2014-09-12',51.55),	(0,1,'2014-09-12',52.02),	(0,2,'2014-09-12',53.95),
(0,0,'2014-09-15',52.22),	(0,1,'2014-09-15',54.45),	(0,2,'2014-09-15',53.28),
(0,0,'2014-09-16',51.39),	(0,1,'2014-09-16',54.27),	(0,2,'2014-09-16',53.09),
(0,0,'2014-09-17',50.45),	(0,1,'2014-09-17',52.6),	(0,2,'2014-09-17',53.19),
(0,0,'2014-09-18',50.89),	(0,1,'2014-09-18',53.57),	(0,2,'2014-09-18',52.41),
(0,0,'2014-09-19',50.39),	(0,1,'2014-09-19',51.69),	(0,2,'2014-09-19',52.99),
(0,0,'2014-09-22',50.35),	(0,1,'2014-09-22',51.62),	(0,2,'2014-09-22',52.44),
(0,0,'2014-09-23',50.04),	(0,1,'2014-09-23',50.15),	(0,2,'2014-09-23',52.3),
(0,0,'2014-09-24',50.25),	(0,1,'2014-09-24',50.65),	(0,2,'2014-09-24',51.89),
(0,0,'2014-09-25',50.06),	(0,1,'2014-09-25',52.19),	(0,2,'2014-09-25',52.5),
(0,0,'2014-09-26',50.35),	(0,1,'2014-09-26',52),	(0,2,'2014-09-26',52.3),
(0,0,'2014-09-30',49.56),	(0,1,'2014-09-30',50.8),	(0,2,'2014-09-30',51.75),
(0,0,'2014-10-01',50.96),	(0,1,'2014-10-01',51.65),	(0,2,'2014-10-01',51.94),
(0,0,'2014-10-02',50.6),	(0,1,'2014-10-02',51.6),	(0,2,'2014-10-02',51.89),
(0,0,'2014-10-03',49.95),	(0,1,'2014-10-03',51.14),	(0,2,'2014-10-03',51.43),
(0,0,'2014-10-06',49.45),	(0,1,'2014-10-06',50.84),	(0,2,'2014-10-06',51.13),
(0,0,'2014-10-07',49.1),	(0,1,'2014-10-07',50.53),	(0,2,'2014-10-07',50.83),
(0,0,'2014-10-08',49.55),	(0,1,'2014-10-08',50.73),	(0,2,'2014-10-08',51.03),
(0,0,'2014-10-09',49.54),	(0,1,'2014-10-09',50.88),	(0,2,'2014-10-09',51.18),
(0,0,'2014-10-10',49.56),	(0,1,'2014-10-10',50.78),	(0,2,'2014-10-10',51.08),
(0,0,'2014-10-13',48.74),	(0,1,'2014-10-13',50.32),	(0,2,'2014-10-13',50.62),
(0,0,'2014-10-14',49.14),	(0,1,'2014-10-14',50.27),	(0,2,'2014-10-14',50.57),
(0,0,'2014-10-15',48.48),	(0,1,'2014-10-15',50.41),	(0,2,'2014-10-15',50.72),
(0,0,'2014-10-16',49),	(0,1,'2014-10-16',50.77),	(0,2,'2014-10-16',51.08),
(0,0,'2014-10-17',48.73),	(0,1,'2014-10-17',50.57),	(0,2,'2014-10-17',50.88),
(0,0,'2014-10-20',48.7),	(0,1,'2014-10-20',50.3),	(0,2,'2014-10-20',50.62),
(0,0,'2014-10-21',48.44),	(0,1,'2014-10-21',50.21),	(0,2,'2014-10-21',50.53),
(0,0,'2014-10-22',48.71),	(0,1,'2014-10-22',50.45),	(0,2,'2014-10-22',50.77),
(0,0,'2014-10-23',48.65),	(0,1,'2014-10-23',50.17),	(0,2,'2014-10-23',50.49),
(0,0,'2014-10-24',48.54),	(0,1,'2014-10-24',49.96),	(0,2,'2014-10-24',50.27),
(0,0,'2014-10-27',48.36),	(0,1,'2014-10-27',49.77),	(0,2,'2014-10-27',50.09),
(0,0,'2014-10-28',48.5),	(0,1,'2014-10-28',50.62),	(0,2,'2014-10-28',49.87),
(0,0,'2014-10-29',48.75),	(0,1,'2014-10-29',51.1),	(0,2,'2014-10-29',50.76),
(0,0,'2014-10-30',48.66),	(0,1,'2014-10-30',49.85),	(0,2,'2014-10-30',50.18),
(0,0,'2014-10-31',48.03),	(0,1,'2014-10-31',48.98),	(0,2,'2014-10-31',49.31),
(0,0,'2014-11-03',50.2),	(0,1,'2014-11-03',49.8),	(0,2,'2014-11-03',48.41),
(0,0,'2014-11-04',50.01),	(0,1,'2014-11-04',50.07),	(0,2,'2014-11-04',47.25),
(0,0,'2014-11-05',49.8),	(0,1,'2014-11-05',48.84),	(0,2,'2014-11-05',47.46),
(0,0,'2014-11-06',49.76),	(0,1,'2014-11-06',49.17),	(0,2,'2014-11-06',47.78),
(0,0,'2014-11-07',50.41),	(0,1,'2014-11-07',50.8),	(0,2,'2014-11-07',46.84),
(0,0,'2014-11-10',50.24),	(0,1,'2014-11-10',50.6),	(0,2,'2014-11-10',47.39),
(0,0,'2014-11-11',49.47),	(0,1,'2014-11-11',50.1),	(0,2,'2014-11-11',46.91),
(0,0,'2014-11-12',49.7),	(0,1,'2014-11-12',49.89),	(0,2,'2014-11-12',46.58),
(0,0,'2014-11-13',48.78),	(0,1,'2014-11-13',48.07),	(0,2,'2014-11-13',46.67),
(0,0,'2014-11-14',47.53),	(0,1,'2014-11-14',48.65),	(0,2,'2014-11-14',46.47),
(0,0,'2014-11-17',48.92),	(0,1,'2014-11-17',49.27),	(0,2,'2014-11-17',46.49),
(0,0,'2014-11-18',48.87),	(0,1,'2014-11-18',49.4),	(0,2,'2014-11-18',46.48),
(0,0,'2014-11-19',48.97),	(0,1,'2014-11-19',49.3),	(0,2,'2014-11-19',46.66),
(0,0,'2014-11-20',49.07),	(0,1,'2014-11-20',49.43),	(0,2,'2014-11-20',46.7),
(0,0,'2014-11-21',49.2),	(0,1,'2014-11-21',48.57),	(0,2,'2014-11-21',47.13),
(0,0,'2014-11-24',49.78),	(0,1,'2014-11-24',50.14),	(0,2,'2014-11-24',47.65),
(0,0,'2014-11-26',50.79),	(0,1,'2014-11-26',50.36),	(0,2,'2014-11-26',48.85),
(0,0,'2014-11-27',50.22),	(0,1,'2014-11-27',50.6),	(0,2,'2014-11-27',48.24),
(0,0,'2014-11-28',49.78),	(0,1,'2014-11-28',49.83),	(0,2,'2014-11-28',47.92),
(0,0,'2014-12-01',49.63),	(0,1,'2014-12-01',47.3),	(0,2,'2014-12-01',48.96),
(0,0,'2014-12-02',48.75),	(0,1,'2014-12-02',46.63),	(0,2,'2014-12-02',48.74),
(0,0,'2014-12-03',48.04),	(0,1,'2014-12-03',46.56),	(0,2,'2014-12-03',48.67),
(0,0,'2014-12-04',47.85),	(0,1,'2014-12-04',46.15),	(0,2,'2014-12-04',48.1),
(0,0,'2014-12-05',48),	(0,1,'2014-12-05',46.19),	(0,2,'2014-12-05',48),
(0,0,'2014-12-08',47.18),	(0,1,'2014-12-08',45.7),	(0,2,'2014-12-08',47.9),
(0,0,'2014-12-09',46.75),	(0,1,'2014-12-09',46.57),	(0,2,'2014-12-09',48.21),
(0,0,'2014-12-10',47.35),	(0,1,'2014-12-10',45.95),	(0,2,'2014-12-10',48.18),
(0,0,'2014-12-11',46.8),	(0,1,'2014-12-11',45.42),	(0,2,'2014-12-11',47.69),
(0,0,'2014-12-12',46.89),	(0,1,'2014-12-12',45.15),	(0,2,'2014-12-12',47.81),
(0,0,'2014-12-15',46.4),	(0,1,'2014-12-15',44.85),	(0,2,'2014-12-15',47.51),
(0,0,'2014-12-16',45.72),	(0,1,'2014-12-16',44.8),	(0,2,'2014-12-16',47.16),
(0,0,'2014-12-17',46.58),	(0,1,'2014-12-17',44.95),	(0,2,'2014-12-17',47.57),
(0,0,'2014-12-18',46.58),	(0,1,'2014-12-18',44.35),	(0,2,'2014-12-18',47.38),
(0,0,'2014-12-19',46.15),	(0,1,'2014-12-19',44.72),	(0,2,'2014-12-19',47.28),
(0,0,'2014-12-22',45.84),	(0,1,'2014-12-22',44.36),	(0,2,'2014-12-22',46.97),
(0,0,'2014-12-23',46.3),	(0,1,'2014-12-23',44.5),	(0,2,'2014-12-23',47.18),
(0,0,'2014-12-24',46.95),	(0,1,'2014-12-24',45.36),	(0,2,'2014-12-24',47.57),
(0,0,'2014-12-29',45.06),	(0,1,'2014-12-29',43.53),	(0,2,'2014-12-29',46.4),
(0,0,'2014-12-30',43.9),	(0,1,'2014-12-30',42.41),	(0,2,'2014-12-30',46),
(0,0,'2014-12-31',43.65),	(0,1,'2014-12-31',42.17),	(0,2,'2014-12-31',45.6),
(0,0,'2015-01-02',41.15),	(0,1,'2015-01-02',45),	(0,2,'2015-01-02',44.57),
(0,0,'2015-01-05',40.68),	(0,1,'2015-01-05',44.67),	(0,2,'2015-01-05',44.24),
(0,0,'2015-01-06',39.67),	(0,1,'2015-01-06',43.88),	(0,2,'2015-01-06',43.45),
(0,0,'2015-01-07',39.17),	(0,1,'2015-01-07',43.27),	(0,2,'2015-01-07',42.85),
(0,0,'2015-01-08',39.41),	(0,1,'2015-01-08',42.89),	(0,2,'2015-01-08',42.47),
(0,0,'2015-01-09',39.51),	(0,1,'2015-01-09',43.01),	(0,2,'2015-01-09',42.59),
(0,0,'2015-01-12',39.88),	(0,1,'2015-01-12',43.11),	(0,2,'2015-01-12',42.72),
(0,0,'2015-01-13',40.53),	(0,1,'2015-01-13',43.42),	(0,2,'2015-01-13',42.99),
(0,0,'2015-01-14',40.7),	(0,1,'2015-01-14',43.75),	(0,2,'2015-01-14',42.67),
(0,0,'2015-01-15',40.04),	(0,1,'2015-01-15',43),	(0,2,'2015-01-15',42.6),
(0,0,'2015-01-16',39.1),	(0,1,'2015-01-16',42.16),	(0,2,'2015-01-16',41.74),
(0,0,'2015-01-19',38.1),	(0,1,'2015-01-19',41.8),	(0,2,'2015-01-19',41.47),
(0,0,'2015-01-20',37.94),	(0,1,'2015-01-20',41.93),	(0,2,'2015-01-20',41.51),
(0,0,'2015-01-21',38.55),	(0,1,'2015-01-21',42.16),	(0,2,'2015-01-21',41.74),
(0,0,'2015-01-22',38.3),	(0,1,'2015-01-22',42.14),	(0,2,'2015-01-22',41.72),
(0,0,'2015-01-23',38.22),	(0,1,'2015-01-23',41.75),	(0,2,'2015-01-23',41.33),
(0,0,'2015-01-26',38.17),	(0,1,'2015-01-26',41.8),	(0,2,'2015-01-26',41.37),
(0,0,'2015-01-27',38.6),	(0,1,'2015-01-27',41.94),	(0,2,'2015-01-27',41.59),
(0,0,'2015-01-28',38.8),	(0,1,'2015-01-28',42.04),	(0,2,'2015-01-28',41.32),
(0,0,'2015-01-29',40.13),	(0,1,'2015-01-29',43),	(0,2,'2015-01-29',42.14),
(0,0,'2015-01-30',39.32),	(0,1,'2015-01-30',42.3),	(0,2,'2015-01-30',41.9),
(0,0,'2015-02-02',42.58),	(0,1,'2015-02-02',42.15),	(0,2,'2015-02-02',41.15),
(0,0,'2015-02-03',42.25),	(0,1,'2015-02-03',41.95),	(0,2,'2015-02-03',41.65),
(0,0,'2015-02-04',42.2),	(0,1,'2015-02-04',42.12),	(0,2,'2015-02-04',41.74),
(0,0,'2015-02-05',43.26),	(0,1,'2015-02-05',42.95),	(0,2,'2015-02-05',42.56),
(0,0,'2015-02-06',43.03),	(0,1,'2015-02-06',42.45),	(0,2,'2015-02-06',42.06),
(0,0,'2015-02-09',43.05),	(0,1,'2015-02-09',42.55),	(0,2,'2015-02-09',42.17),
(0,0,'2015-02-10',44.42),	(0,1,'2015-02-10',44.41),	(0,2,'2015-02-10',44.02),
(0,0,'2015-02-11',44.6),	(0,1,'2015-02-11',44.37),	(0,2,'2015-02-11',43.99),
(0,0,'2015-02-12',45.4),	(0,1,'2015-02-12',45.85),	(0,2,'2015-02-12',45.46),
(0,0,'2015-02-13',45.53),	(0,1,'2015-02-13',45),	(0,2,'2015-02-13',44.61),
(0,0,'2015-02-16',44.52),	(0,1,'2015-02-16',44.6),	(0,2,'2015-02-16',44.23),
(0,0,'2015-02-17',44.46),	(0,1,'2015-02-17',44.01),	(0,2,'2015-02-17',43.65),
(0,0,'2015-02-18',44.63),	(0,1,'2015-02-18',44.18),	(0,2,'2015-02-18',43.81),
(0,0,'2015-02-19',43.38),	(0,1,'2015-02-19',43.53),	(0,2,'2015-02-19',43.17),
(0,0,'2015-02-20',43.74),	(0,1,'2015-02-20',43.75),	(0,2,'2015-02-20',43.6),
(0,0,'2015-02-23',43.33),	(0,1,'2015-02-23',43.24),	(0,2,'2015-02-23',42.89),
(0,0,'2015-02-24',44),	(0,1,'2015-02-24',43.55),	(0,2,'2015-02-24',43.2),
(0,0,'2015-02-25',44.83),	(0,1,'2015-02-25',44.1),	(0,2,'2015-02-25',43.74),
(0,0,'2015-02-26',45.15),	(0,1,'2015-02-26',44.05),	(0,2,'2015-02-26',43.69),
(0,0,'2015-02-27',44.96),	(0,1,'2015-02-27',43.91),	(0,2,'2015-02-27',43.55),
(0,0,'2015-03-02',43.99),	(0,1,'2015-03-02',42.95),	(0,2,'2015-03-02',42.8),
(0,0,'2015-03-03',43.06),	(0,1,'2015-03-03',42.69),	(0,2,'2015-03-03',42.75),
(0,0,'2015-03-04',43.36),	(0,1,'2015-03-04',42.75),	(0,2,'2015-03-04',42.91),
(0,0,'2015-03-05',42.75),	(0,1,'2015-03-05',42.75),	(0,2,'2015-03-05',42.71),
(0,0,'2015-03-06',42.02),	(0,1,'2015-03-06',41.65),	(0,2,'2015-03-06',41.71),
(0,0,'2015-03-09',42.33),	(0,1,'2015-03-09',42.1),	(0,2,'2015-03-09',41.86),
(0,0,'2015-03-10',41.85),	(0,1,'2015-03-10',41.73),	(0,2,'2015-03-10',41.54),
(0,0,'2015-03-11',42.15),	(0,1,'2015-03-11',42.35),	(0,2,'2015-03-11',42.25),
(0,0,'2015-03-12',42.21),	(0,1,'2015-03-12',41.84),	(0,2,'2015-03-12',42.13),
(0,0,'2015-03-13',41.8),	(0,1,'2015-03-13',41.87),	(0,2,'2015-03-13',41.94),
(0,0,'2015-03-16',41.84),	(0,1,'2015-03-16',41.47),	(0,2,'2015-03-16',41.59),
(0,0,'2015-03-17',41.85),	(0,1,'2015-03-17',41.47),	(0,2,'2015-03-17',41.87),
(0,0,'2015-03-18',41.95),	(0,1,'2015-03-18',42.07),	(0,2,'2015-03-18',42.42),
(0,0,'2015-03-19',41.78),	(0,1,'2015-03-19',41.66),	(0,2,'2015-03-19',42.01),
(0,0,'2015-03-20',41.71),	(0,1,'2015-03-20',41.67),	(0,2,'2015-03-20',41.95),
(0,0,'2015-03-23',41.6),	(0,1,'2015-03-23',42.1),	(0,2,'2015-03-23',41.91),
(0,0,'2015-03-24',42.13),	(0,1,'2015-03-24',42.1),	(0,2,'2015-03-24',42.56),
(0,0,'2015-03-25',42.46),	(0,1,'2015-03-25',42.23),	(0,2,'2015-03-25',42.65),
(0,0,'2015-03-26',43.53),	(0,1,'2015-03-26',41.97),	(0,2,'2015-03-26',43.7),
(0,0,'2015-03-27',43.95),	(0,1,'2015-03-27',43.5),	(0,2,'2015-03-27',43.83),
(0,0,'2015-03-30',43.76),	(0,1,'2015-03-30',43.25),	(0,2,'2015-03-30',43.69),
(0,0,'2015-03-31',44.38),	(0,1,'2015-03-31',42.7),	(0,2,'2015-03-31',43.08),
(0,0,'2015-04-01',43.21),	(0,1,'2015-04-01',43.53),	(0,2,'2015-04-01',43.49),
(0,0,'2015-04-02',43.53),	(0,1,'2015-04-02',44),	(0,2,'2015-04-02',43.95),
(0,0,'2015-04-07',42.78),	(0,1,'2015-04-07',43.46),	(0,2,'2015-04-07',43.41),
(0,0,'2015-04-08',42.81),	(0,1,'2015-04-08',43.06),	(0,2,'2015-04-08',43.01),
(0,0,'2015-04-09',43.26),	(0,1,'2015-04-09',43.51),	(0,2,'2015-04-09',43.46),
(0,0,'2015-04-10',42.75),	(0,1,'2015-04-10',42.86),	(0,2,'2015-04-10',42.81),
(0,0,'2015-04-13',42.86),	(0,1,'2015-04-13',42.86),	(0,2,'2015-04-13',42.81),
(0,0,'2015-04-14',42.4),	(0,1,'2015-04-14',42.56),	(0,2,'2015-04-14',42.52),
(0,0,'2015-04-15',42.5),	(0,1,'2015-04-15',42.61),	(0,2,'2015-04-15',42.57),
(0,0,'2015-04-16',42.33),	(0,1,'2015-04-16',42.29),	(0,2,'2015-04-16',42.24),
(0,0,'2015-04-17',41.95),	(0,1,'2015-04-17',41.91),	(0,2,'2015-04-17',41.87),
(0,0,'2015-04-20',41.65),	(0,1,'2015-04-20',41.81),	(0,2,'2015-04-20',41.78),
(0,0,'2015-04-21',42.03),	(0,1,'2015-04-21',42.19),	(0,2,'2015-04-21',42.15),
(0,0,'2015-04-22',41.58),	(0,1,'2015-04-22',41.72),	(0,2,'2015-04-22',41.68),
(0,0,'2015-04-23',41.42),	(0,1,'2015-04-23',41.64),	(0,2,'2015-04-23',41.6),
(0,0,'2015-04-24',41.6),	(0,1,'2015-04-24',41.81),	(0,2,'2015-04-24',41.77),
(0,0,'2015-04-27',41.7),	(0,1,'2015-04-27',41.49),	(0,2,'2015-04-27',41.42),
(0,0,'2015-04-28',41.35),	(0,1,'2015-04-28',41.3),	(0,2,'2015-04-28',41.26),
(0,0,'2015-04-29',41.4),	(0,1,'2015-04-29',41.59),	(0,2,'2015-04-29',41.39),
(0,0,'2015-04-30',41.19),	(0,1,'2015-04-30',41.45),	(0,2,'2015-04-30',41.25),
(0,0,'2015-05-01',41.4),	(0,1,'2015-05-01',39.77),	(0,2,'2015-05-01',40.26),
(0,0,'2015-05-05',41.52),	(0,1,'2015-05-05',41.49),	(0,2,'2015-05-05',42.08),
(0,0,'2015-05-06',41.63),	(0,1,'2015-05-06',41.55),	(0,2,'2015-05-06',42.15),
(0,0,'2015-05-07',41.26),	(0,1,'2015-05-07',41.49),	(0,2,'2015-05-07',42.08),
(0,0,'2015-05-08',41.5),	(0,1,'2015-05-08',42.38),	(0,2,'2015-05-08',42.3),
(0,0,'2015-05-11',41.59),	(0,1,'2015-05-11',41.2),	(0,2,'2015-05-11',41.78),
(0,0,'2015-05-12',41.71),	(0,1,'2015-05-12',41.2),	(0,2,'2015-05-12',41.78),
(0,0,'2015-05-13',41.65),	(0,1,'2015-05-13',41.22),	(0,2,'2015-05-13',41.8),
(0,0,'2015-05-14',41.13),	(0,1,'2015-05-14',41.1),	(0,2,'2015-05-14',41.68),
(0,0,'2015-05-15',41.32),	(0,1,'2015-05-15',41.29),	(0,2,'2015-05-15',41.87),
(0,0,'2015-05-18',41.08),	(0,1,'2015-05-18',41.01),	(0,2,'2015-05-18',41.59),
(0,0,'2015-05-19',40.95),	(0,1,'2015-05-19',40.67),	(0,2,'2015-05-19',41.23),
(0,0,'2015-05-20',41),	(0,1,'2015-05-20',40.88),	(0,2,'2015-05-20',41.45),
(0,0,'2015-05-21',40.8),	(0,1,'2015-05-21',40.74),	(0,2,'2015-05-21',41.31),
(0,0,'2015-05-22',40.8),	(0,1,'2015-05-22',40.33),	(0,2,'2015-05-22',40.89),
(0,0,'2015-05-26',40.6),	(0,1,'2015-05-26',40.63),	(0,2,'2015-05-26',40.87),
(0,0,'2015-05-27',40.55),	(0,1,'2015-05-27',40.55),	(0,2,'2015-05-27',40.8),
(0,0,'2015-05-28',40.92),	(0,1,'2015-05-28',40.9),	(0,2,'2015-05-28',41),
(0,0,'2015-05-29',40.95),	(0,1,'2015-05-29',40.6),	(0,2,'2015-05-29',40.8),
(0,0,'2015-06-01',40.5),	(0,1,'2015-06-01',40.78),	(0,2,'2015-06-01',42.53),
(0,0,'2015-06-02',40.71),	(0,1,'2015-06-02',40.85),	(0,2,'2015-06-02',42.87),
(0,0,'2015-06-03',40.92),	(0,1,'2015-06-03',41.44),	(0,2,'2015-06-03',42.92),
(0,0,'2015-06-04',41.02),	(0,1,'2015-06-04',41.26),	(0,2,'2015-06-04',42.51),
(0,0,'2015-06-05',41.19),	(0,1,'2015-06-05',41.02),	(0,2,'2015-06-05',43.07),
(0,0,'2015-06-08',41.55),	(0,1,'2015-06-08',41.92),	(0,2,'2015-06-08',43.44),
(0,0,'2015-06-09',41.87),	(0,1,'2015-06-09',42),	(0,2,'2015-06-09',43.61),
(0,0,'2015-06-10',41.69),	(0,1,'2015-06-10',41.82),	(0,2,'2015-06-10',43.37),
(0,0,'2015-06-11',41.2),	(0,1,'2015-06-11',41.5),	(0,2,'2015-06-11',42.9),
(0,0,'2015-06-12',40.88),	(0,1,'2015-06-12',41.17),	(0,2,'2015-06-12',42.89),
(0,0,'2015-06-15',40.66),	(0,1,'2015-06-15',41),	(0,2,'2015-06-15',43.2),
(0,0,'2015-06-16',40.75),	(0,1,'2015-06-16',41.2),	(0,2,'2015-06-16',42.26),
(0,0,'2015-06-17',40.49),	(0,1,'2015-06-17',40.9),	(0,2,'2015-06-17',42.06),
(0,0,'2015-06-18',40.42),	(0,1,'2015-06-18',40.9),	(0,2,'2015-06-18',41.99),
(0,0,'2015-06-19',40.81),	(0,1,'2015-06-19',41.29),	(0,2,'2015-06-19',42.54),
(0,0,'2015-06-22',41.51),	(0,1,'2015-06-22',41.45),	(0,2,'2015-06-22',43.23),
(0,0,'2015-06-23',41.15),	(0,1,'2015-06-23',41.42),	(0,2,'2015-06-23',42.38),
(0,0,'2015-06-24',40.81),	(0,1,'2015-06-24',41.31),	(0,2,'2015-06-24',42.67),
(0,0,'2015-06-25',40.74),	(0,1,'2015-06-25',41),	(0,2,'2015-06-25',42.24),
(0,0,'2015-06-26',40.69),	(0,1,'2015-06-26',41.04),	(0,2,'2015-06-26',42.47),
(0,0,'2015-06-29',40.39),	(0,1,'2015-06-29',40.85),	(0,2,'2015-06-29',42.33),
(0,0,'2015-06-30',40.7),	(0,1,'2015-06-30',40.96),	(0,2,'2015-06-30',41.96),
(0,0,'2015-07-01',41.21),	(0,1,'2015-07-01',42.11),	(0,2,'2015-07-01',45.12),
(0,0,'2015-07-02',41.7),	(0,1,'2015-07-02',42.82),	(0,2,'2015-07-02',45.88),
(0,0,'2015-07-03',41.79),	(0,1,'2015-07-03',42.63),	(0,2,'2015-07-03',45.68),
(0,0,'2015-07-06',41.47),	(0,1,'2015-07-06',42.06),	(0,2,'2015-07-06',45.08),
(0,0,'2015-07-07',41.35),	(0,1,'2015-07-07',43.04),	(0,2,'2015-07-07',44.35),
(0,0,'2015-07-08',41.6),	(0,1,'2015-07-08',41.97),	(0,2,'2015-07-08',44.98),
(0,0,'2015-07-09',41.85),	(0,1,'2015-07-09',42.42),	(0,2,'2015-07-09',45.47),
(0,0,'2015-07-10',42.12),	(0,1,'2015-07-10',42.96),	(0,2,'2015-07-10',46.05),
(0,0,'2015-07-13',42.1),	(0,1,'2015-07-13',42.49),	(0,2,'2015-07-13',45.55),
(0,0,'2015-07-14',41.85),	(0,1,'2015-07-14',43.15),	(0,2,'2015-07-14',44.48),
(0,0,'2015-07-15',41.43),	(0,1,'2015-07-15',43.25),	(0,2,'2015-07-15',45.1),
(0,0,'2015-07-16',41.75),	(0,1,'2015-07-16',42.01),	(0,2,'2015-07-16',45.03),
(0,0,'2015-07-17',41.6),	(0,1,'2015-07-17',42.95),	(0,2,'2015-07-17',44.15),
(0,0,'2015-07-20',41.83),	(0,1,'2015-07-20',41.86),	(0,2,'2015-07-20',44.86),
(0,0,'2015-07-21',41.76),	(0,1,'2015-07-21',42.06),	(0,2,'2015-07-21',45.08),
(0,0,'2015-07-22',41.3),	(0,1,'2015-07-22',41.8),	(0,2,'2015-07-22',44.8),
(0,0,'2015-07-23',41.2),	(0,1,'2015-07-23',41.69),	(0,2,'2015-07-23',44.68),
(0,0,'2015-07-24',41.12),	(0,1,'2015-07-24',41.74),	(0,2,'2015-07-24',44.73),
(0,0,'2015-07-27',41.22),	(0,1,'2015-07-27',42.2),	(0,2,'2015-07-27',45.24),
(0,0,'2015-07-28',41.33),	(0,1,'2015-07-28',42.85),	(0,2,'2015-07-28',44.49),
(0,0,'2015-07-29',41.3),	(0,1,'2015-07-29',42.85),	(0,2,'2015-07-29',44.41),
(0,0,'2015-07-30',41.44),	(0,1,'2015-07-30',41.83),	(0,2,'2015-07-30',44.84),
(0,0,'2015-07-31',41.22),	(0,1,'2015-07-31',41.55),	(0,2,'2015-07-31',44.55),
(0,0,'2015-08-03',42.19),	(0,1,'2015-08-03',43.38),	(0,2,'2015-08-03',45.19),
(0,0,'2015-08-04',42.03),	(0,1,'2015-08-04',43.54),	(0,2,'2015-08-04',45.35),
(0,0,'2015-08-05',41.1),	(0,1,'2015-08-05',44.04),	(0,2,'2015-08-05',45.88),
(0,0,'2015-08-06',42.21),	(0,1,'2015-08-06',43.83),	(0,2,'2015-08-06',45.66),
(0,0,'2015-08-07',41.48),	(0,1,'2015-08-07',44.45),	(0,2,'2015-08-07',46.3),
(0,0,'2015-08-10',41.76),	(0,1,'2015-08-10',43.98),	(0,2,'2015-08-10',45.81),
(0,0,'2015-08-11',41.85),	(0,1,'2015-08-11',43.89),	(0,2,'2015-08-11',45.72),
(0,0,'2015-08-12',41.7),	(0,1,'2015-08-12',43.67),	(0,2,'2015-08-12',45.49),
(0,0,'2015-08-13',41.53),	(0,1,'2015-08-13',44.49),	(0,2,'2015-08-13',46.33),
(0,0,'2015-08-14',41.56),	(0,1,'2015-08-14',44.5),	(0,2,'2015-08-14',46.33),
(0,0,'2015-08-17',41.2),	(0,1,'2015-08-17',43.62),	(0,2,'2015-08-17',45.41),
(0,0,'2015-08-18',41),	(0,1,'2015-08-18',43.95),	(0,2,'2015-08-18',45.75),
(0,0,'2015-08-19',41.05),	(0,1,'2015-08-19',43.75),	(0,2,'2015-08-19',45.54),
(0,0,'2015-08-20',40.8),	(0,1,'2015-08-20',43.68),	(0,2,'2015-08-20',45.47),
(0,0,'2015-08-21',40.95),	(0,1,'2015-08-21',43.75),	(0,2,'2015-08-21',45.54),
(0,0,'2015-08-24',40.85),	(0,1,'2015-08-24',43.56),	(0,2,'2015-08-24',45.32),
(0,0,'2015-08-25',41.04),	(0,1,'2015-08-25',43.2),	(0,2,'2015-08-25',44.94),
(0,0,'2015-08-26',40.89),	(0,1,'2015-08-26',43.7),	(0,2,'2015-08-26',45.38),
(0,0,'2015-08-27',41.16),	(0,1,'2015-08-27',43.1),	(0,2,'2015-08-27',44.89),
(0,0,'2015-08-28',41.39),	(0,1,'2015-08-28',43.76),	(0,2,'2015-08-28',45.56),
(0,0,'2015-09-01',44.4),	(0,1,'2015-09-01',44.89),	(0,2,'2015-09-01',45.7),
(0,0,'2015-09-02',43.54),	(0,1,'2015-09-02',45.3),	(0,2,'2015-09-02',45.25),
(0,0,'2015-09-03',44.43),	(0,1,'2015-09-03',44.86),	(0,2,'2015-09-03',45.36),
(0,0,'2015-09-04',44.25),	(0,1,'2015-09-04',44.55),	(0,2,'2015-09-04',45.15),
(0,0,'2015-09-07',44),	(0,1,'2015-09-07',44.46),	(0,2,'2015-09-07',44.75),
(0,0,'2015-09-08',44.06),	(0,1,'2015-09-08',44.25),	(0,2,'2015-09-08',44.54),
(0,0,'2015-09-09',43.46),	(0,1,'2015-09-09',45.17),	(0,2,'2015-09-09',44.8),
(0,0,'2015-09-10',43.78),	(0,1,'2015-09-10',45.5),	(0,2,'2015-09-10',44.32),
(0,0,'2015-09-11',43.89),	(0,1,'2015-09-11',44.35),	(0,2,'2015-09-11',44.8),
(0,0,'2015-09-14',43.75),	(0,1,'2015-09-14',45.46),	(0,2,'2015-09-14',44.18),
(0,0,'2015-09-15',44.02),	(0,1,'2015-09-15',43.9),	(0,2,'2015-09-15',44.4),
(0,0,'2015-09-16',42.87),	(0,1,'2015-09-16',44.51),	(0,2,'2015-09-16',44.59),
(0,0,'2015-09-17',43.44),	(0,1,'2015-09-17',43.75),	(0,2,'2015-09-17',44.49),
(0,0,'2015-09-18',43.23),	(0,1,'2015-09-18',43.56),	(0,2,'2015-09-18',44.44),
(0,0,'2015-09-21',43.02),	(0,1,'2015-09-21',43.25),	(0,2,'2015-09-21',44.23),
(0,0,'2015-09-22',42.9),	(0,1,'2015-09-22',43.36),	(0,2,'2015-09-22',44.19),
(0,0,'2015-09-23',43.05),	(0,1,'2015-09-23',43.4),	(0,2,'2015-09-23',44.34),
(0,0,'2015-09-24',42.97),	(0,1,'2015-09-24',43.31),	(0,2,'2015-09-24',44.18),
(0,0,'2015-09-25',43.05),	(0,1,'2015-09-25',43.4),	(0,2,'2015-09-25',44.24),
(0,0,'2015-09-28',42.65),	(0,1,'2015-09-28',42.9),	(0,2,'2015-09-28',44.4),
(0,0,'2015-09-29',42.7),	(0,1,'2015-09-29',42.95),	(0,2,'2015-09-29',43.89),
(0,0,'2015-09-30',42.4),	(0,1,'2015-09-30',42.7),	(0,2,'2015-09-30',43.63),
(0,0,'2015-10-01',42.36),	(0,1,'2015-10-01',43.49),	(0,2,'2015-10-01',43.91),
(0,0,'2015-10-02',41.82),	(0,1,'2015-10-02',43.39),	(0,2,'2015-10-02',43.81),
(0,0,'2015-10-05',42.1),	(0,1,'2015-10-05',43.49),	(0,2,'2015-10-05',43.92),
(0,0,'2015-10-06',42.51),	(0,1,'2015-10-06',44.13),	(0,2,'2015-10-06',44),
(0,0,'2015-10-07',42.3),	(0,1,'2015-10-07',43.9),	(0,2,'2015-10-07',43.83),
(0,0,'2015-10-08',42.58),	(0,1,'2015-10-08',43.59),	(0,2,'2015-10-08',44.02),
(0,0,'2015-10-09',42.66),	(0,1,'2015-10-09',43.64),	(0,2,'2015-10-09',44.07),
(0,0,'2015-10-12',42.25),	(0,1,'2015-10-12',43.9),	(0,2,'2015-10-12',44.2),
(0,0,'2015-10-13',42),	(0,1,'2015-10-13',43.3),	(0,2,'2015-10-13',43.73),
(0,0,'2015-10-14',41.51),	(0,1,'2015-10-14',42.92),	(0,2,'2015-10-14',43.34),
(0,0,'2015-10-15',41.55),	(0,1,'2015-10-15',42.99),	(0,2,'2015-10-15',43.42),
(0,0,'2015-10-16',41.3),	(0,1,'2015-10-16',42.74),	(0,2,'2015-10-16',43.16),
(0,0,'2015-10-19',41.65),	(0,1,'2015-10-19',43.31),	(0,2,'2015-10-19',43.49),
(0,0,'2015-10-20',41.25),	(0,1,'2015-10-20',42.84),	(0,2,'2015-10-20',43.1),
(0,0,'2015-10-21',40.7),	(0,1,'2015-10-21',42.33),	(0,2,'2015-10-21',42.8),
(0,0,'2015-10-22',40.55),	(0,1,'2015-10-22',42.22),	(0,2,'2015-10-22',42.64),
(0,0,'2015-10-23',40.5),	(0,1,'2015-10-23',41.8),	(0,2,'2015-10-23',42.08),
(0,0,'2015-10-26',40.25),	(0,1,'2015-10-26',41.44),	(0,2,'2015-10-26',41.86),
(0,0,'2015-10-27',40.47),	(0,1,'2015-10-27',41.6),	(0,2,'2015-10-27',42.36),
(0,0,'2015-10-28',40.38),	(0,1,'2015-10-28',41.51),	(0,2,'2015-10-28',42.27),
(0,0,'2015-10-29',40.25),	(0,1,'2015-10-29',41.55),	(0,2,'2015-10-29',41.89),
(0,0,'2015-10-30',39.81),	(0,1,'2015-10-30',41.1),	(0,2,'2015-10-30',41.43),
(0,0,'2015-11-02',40.7),	(0,1,'2015-11-02',41.11),	(0,2,'2015-11-02',39.54),
(0,0,'2015-11-03',40.65),	(0,1,'2015-11-03',41.07),	(0,2,'2015-11-03',39.51),
(0,0,'2015-11-04',40.85),	(0,1,'2015-11-04',41.39),	(0,2,'2015-11-04',39.82),
(0,0,'2015-11-05',41),	(0,1,'2015-11-05',41.33),	(0,2,'2015-11-05',39.77),
(0,0,'2015-11-06',41.24),	(0,1,'2015-11-06',41.57),	(0,2,'2015-11-06',39.99),
(0,0,'2015-11-09',40.5),	(0,1,'2015-11-09',40.79),	(0,2,'2015-11-09',39.23),
(0,0,'2015-11-10',39.98),	(0,1,'2015-11-10',40.69),	(0,2,'2015-11-10',38.8),
(0,0,'2015-11-11',39.58),	(0,1,'2015-11-11',40),	(0,2,'2015-11-11',38.47),
(0,0,'2015-11-12',39.44),	(0,1,'2015-11-12',39.9),	(0,2,'2015-11-12',37.95),
(0,0,'2015-11-13',39.55),	(0,1,'2015-11-13',39.97),	(0,2,'2015-11-13',38.43),
(0,0,'2015-11-16',40.02),	(0,1,'2015-11-16',40.45),	(0,2,'2015-11-16',38.85),
(0,0,'2015-11-17',40.33),	(0,1,'2015-11-17',40.94),	(0,2,'2015-11-17',39.35),
(0,0,'2015-11-18',39.82),	(0,1,'2015-11-18',40.25),	(0,2,'2015-11-18',38.68),
(0,0,'2015-11-19',39.85),	(0,1,'2015-11-19',40.41),	(0,2,'2015-11-19',38.84),
(0,0,'2015-11-20',39.83),	(0,1,'2015-11-20',40.26),	(0,2,'2015-11-20',38.69),
(0,0,'2015-11-23',39.45),	(0,1,'2015-11-23',40.35),	(0,2,'2015-11-23',38.76),
(0,0,'2015-11-24',40),	(0,1,'2015-11-24',40.65),	(0,2,'2015-11-24',39.05),
(0,0,'2015-11-25',40.03),	(0,1,'2015-11-25',40.48),	(0,2,'2015-11-25',38.89),
(0,0,'2015-11-26',40.03),	(0,1,'2015-11-26',40.48),	(0,2,'2015-11-26',38.74),
(0,0,'2015-11-27',39.7),	(0,1,'2015-11-27',40.19),	(0,2,'2015-11-27',38.61);